DNI i/o Passport,examen1,examen3,examen5
70943663W,0.0,7.18,3.64
36435499A,8.63,6.86,8.39
97609908R,8.69,8.73,0.0
RK585576,0.0,6.99,5.72
09103127A,4.46,6.6,1.97
OU120156,10.0,6.59,8.17
44695393E,10.0,6.72,1.1
07915632K,4.9,9.39,10.0
50891063K,5.98,8.55,0.28
19829627Q,3.76,6.46,8.39
88743049X,8.53,6.8,4.7
18465847K,6.83,8.17,6.66
MD550775,4.84,6.82,5.44
RK170572,7.71,9.13,9.05
00693583H,5.89,8.27,4.68
CW994244,1.01,7.06,1.02
PU419089,7.44,6.39,9.84
54153326X,4.77,6.84,7.66
NF381432,10.0,7.95,5.69
05010854M,0.0,7.79,3.37
78611792T,7.93,6.31,2.61
71417210W,5.08,6.36,1.09
72182061B,5.63,8.77,6.36
52637446Z,9.19,7.11,1.91
59797823P,10.0,7.69,7.24
PW868872,8.94,7.89,6.79
FJ898052,9.75,8.21,1.1
ML351864,10.0,5.52,6.34
86722225N,4.36,5.93,9.15
89903572E,4.32,6.02,10.0
BY583051,5.22,6.94,4.46
KU624943,0.0,6.41,8.04
UK161521,10.0,7.4,7.49
53345478Z,10.0,7.05,5.28
69842078W,1.47,8.81,4.12
88320622R,10.0,6.06,3.06
96994972Q,9.38,6.9,7.41
30559179E,7.51,5.91,1.14
ZK882337,10.0,8.27,3.32
69170721S,10.0,6.89,10.0
YF970071,1.19,8.5,6.99
00641927C,5.35,8.45,7.81
90226971H,3.49,7.13,2.44
HY616686,10.0,6.37,3.84
LG345821,3.46,8.05,10.0
DR343955,8.74,7.32,6.25
08893401Z,2.3,8.25,5.43
92425535N,3.27,5.39,7.35
63102041T,6.43,6.51,5.62
45541968J,2.98,7.45,8.5
MJ593322,8.09,5.9,3.93
38626461P,5.04,6.95,9.13
75437000J,1.79,7.97,10.0
29962805S,8.28,6.81,9.74
GJ748221,1.63,7.42,10.0
86760200Z,10.0,6.99,7.26
01210369V,6.74,7.82,10.0
68613106N,0.0,7.04,9.35
67195302C,4.35,4.87,7.31
16709970X,6.37,5.91,4.51
MF444736,9.93,6.16,7.09
62053509S,10.0,7.13,6.29
81771397A,7.41,7.73,4.03
36993722Q,10.0,7.04,4.1
UL682621,10.0,7.18,0.0
01326295T,10.0,7.46,3.44
XW913848,7.0,7.11,2.92
53459148H,1.59,6.48,10.0
83749838F,10.0,5.49,6.81
41831671F,0.0,6.7,1.13
32414769H,7.55,6.0,6.5
32201963P,8.63,6.07,10.0
89849921F,8.01,5.81,6.92
67074169M,1.05,7.59,3.66
96216670B,2.11,5.97,0.55
68123558L,10.0,8.5,2.99
62427823G,10.0,7.66,5.82
BB391876,1.71,7.64,3.78
27446510N,8.45,7.98,7.25
69746789W,10.0,7.12,3.75
12898840A,3.74,6.85,6.3
PE028379,6.01,6.12,5.02
77950530B,4.57,6.89,6.3
87384635E,10.0,7.96,5.41
97468047G,4.87,6.41,4.42
55610172J,6.52,7.14,9.65
91797531T,9.53,7.67,3.61
VS841477,8.78,8.96,2.58
20617056V,4.73,8.2,10.0
39815790F,2.35,7.25,8.85
09707540E,0.0,5.22,2.27
96810972Q,7.06,6.68,3.95
85356352V,10.0,7.33,0.0
43102855G,2.99,6.73,9.56
WV874480,3.03,7.78,5.29
69170721S,5.08,8.59,10.0
MA024955,0.0,7.41,10.0
27341579F,8.4,5.67,3.14
CI502805,5.18,6.71,10.0
97607026V,7.23,6.32,6.18
07140831K,9.6,7.47,10.0
49904563Z,9.22,7.15,7.55
26326392V,7.86,6.7,2.15
53551549M,6.39,6.89,10.0
23268831F,10.0,7.74,5.74
97687494P,10.0,7.56,4.69
58711385K,8.38,7.73,5.38
08977745V,6.38,8.92,0.0
16252983X,10.0,7.09,4.03
15475967A,5.47,5.37,2.79
20148426N,10.0,7.91,4.55
97066349R,9.25,8.34,0.05
26152002J,0.41,7.4,3.46
25864876L,1.36,6.13,4.38
62876218Z,10.0,7.15,10.0
93196037Z,5.97,5.85,5.68
14060227M,10.0,7.16,5.39
AD184543,10.0,7.6,4.11
01372969F,10.0,5.41,9.25
YO676135,10.0,8.51,6.15
46376141E,8.45,7.93,3.05
NA820469,3.55,4.6,0.0
MJ593322,6.41,5.48,9.97
DK524244,1.94,6.12,8.63
60281392W,5.07,6.93,6.78
JS947920,9.93,7.87,2.4
36190487X,0.3,7.07,4.69
30847500S,10.0,6.22,9.27
89665960T,3.9,8.41,10.0
74667741N,10.0,4.75,10.0
BY181365,8.96,7.96,3.94
67496758S,10.0,6.35,2.43
91816938H,10.0,6.73,8.3
PD248038,5.55,7.67,7.73
38916442M,0.0,7.47,5.42
ZB312857,2.82,8.66,4.14
05814707P,10.0,7.94,5.85
FA165035,5.89,8.06,5.96
91812251T,3.95,5.65,0.74
DB546762,7.44,7.11,4.06
JJ402583,10.0,6.28,4.38
83180041N,0.31,5.73,7.07
33489121V,0.0,7.14,10.0
ZZ251576,5.71,8.21,2.26
53385215F,10.0,7.05,2.34
08159127S,10.0,6.98,2.04
40670603W,10.0,6.12,1.67
DL114680,10.0,8.84,9.9
44258290B,9.25,6.38,8.77
94996043V,0.0,10.0,8.95
FY704137,0.0,7.44,3.32
18390309S,2.75,9.95,0.0
82782850P,5.44,7.36,9.34
LS937643,7.85,7.96,10.0
67527137B,2.16,6.76,10.0
HF840407,10.0,7.86,7.22
ZS052578,3.2,7.26,6.91
74965060X,7.95,6.25,10.0
82199975E,9.46,7.31,9.17
95267587T,5.98,7.41,10.0
70099446T,9.8,7.16,0.64
KC075006,9.45,8.32,2.67
QL234905,0.39,6.56,6.34
68494652P,8.2,6.86,9.77
QK594128,8.47,6.11,4.76
97067926Z,10.0,7.19,6.95
FV292577,9.33,9.38,10.0
94067677T,10.0,7.18,1.66
08255334J,10.0,6.33,9.91
73216107T,4.57,7.04,10.0
58887997Q,3.91,9.29,0.0
AQ911656,10.0,7.18,8.99
59225017V,8.38,7.37,10.0
19495054R,2.08,5.85,2.83
85645190K,10.0,8.06,2.41
72776588B,10.0,7.07,10.0
TA501558,10.0,6.17,8.27
95481422G,1.67,5.94,6.65
32712062J,10.0,8.51,4.79
29127667F,3.29,6.65,0.89
PE595100,6.21,6.99,3.54
KS737158,10.0,7.01,1.03
VS269916,7.99,5.45,8.35
80122838S,0.0,7.34,4.5
OP860186,10.0,5.93,3.79
15139870M,3.12,6.69,4.65
18737219Q,1.49,7.28,6.76
32714890N,2.69,7.11,2.54
20928625M,9.22,6.83,8.41
53253342Q,2.32,6.32,10.0
TG790479,10.0,7.39,9.98
35265353M,4.56,6.99,6.03
01002565H,0.0,7.09,5.04
42140661S,1.06,8.58,8.51
80115222N,8.14,5.08,0.94
38784626W,7.77,8.36,5.89
EH202800,10.0,6.54,3.26
16614610P,6.7,8.05,2.45
GO576698,2.21,7.03,3.67
05801424L,3.91,7.11,0.0
11669527V,8.34,6.16,6.81
LV337956,10.0,7.7,4.0
PE092743,10.0,8.26,10.0
SA282317,6.1,7.45,3.43
93492924V,7.65,8.21,8.74
27567253M,8.37,9.22,9.19
52207984P,6.75,7.09,10.0
LM560509,10.0,6.12,10.0
96521338K,9.53,6.11,6.46
42167666H,8.29,6.0,10.0
37432190N,10.0,6.01,10.0
42831131W,8.3,8.01,1.77
71743083B,10.0,6.77,4.88
57274307Y,8.94,6.83,8.6
04498269K,10.0,7.54,9.64
FW790650,0.47,7.58,5.81
95398785Y,7.21,8.21,5.29
XV476243,9.48,7.22,9.38
RE465738,5.83,5.76,10.0
85867164E,5.56,7.3,3.66
72870514M,10.0,8.35,7.8
EP200321,9.54,6.98,10.0
40075309V,5.84,6.11,6.53
60300569C,8.7,7.9,6.1
EM258179,7.24,7.53,3.62
26081331K,5.08,8.22,4.36
64328455P,6.54,7.29,10.0
82173067R,5.97,6.32,6.34
74667741N,0.0,8.72,10.0
ND985323,9.51,9.04,5.75
17717172L,0.38,5.65,2.21
84559024F,0.0,6.5,5.57
FW700103,10.0,5.27,4.61
69362693Y,10.0,6.17,6.02
PA108082,10.0,5.71,3.31
54153326X,0.0,8.11,5.35
PV131292,5.53,6.12,3.93
CH475531,10.0,6.96,5.54
17879122A,2.71,8.59,0.93
XF866799,10.0,6.67,10.0
92682527W,7.67,7.47,10.0
03263354E,3.92,5.51,3.04
30140199X,3.54,6.86,3.67
LQ959590,6.95,7.42,4.75
XA950935,10.0,6.13,5.4
AO364827,3.3,7.44,0.0
01210369V,0.0,7.62,0.0
29982963W,7.94,6.15,6.56
02245827S,0.0,7.76,4.14
71911422J,5.8,6.14,1.9
81968722B,7.24,7.51,10.0
BI552746,10.0,8.03,4.19
WI279138,0.0,7.27,10.0
TQ943175,5.7,9.76,7.08
54469415X,10.0,8.95,9.62
13440591N,5.56,7.07,8.32
73340052K,3.85,6.34,3.79
14208413W,7.56,7.69,3.02
08066300Q,10.0,6.88,9.22
36556703C,5.07,7.52,10.0
36622875K,10.0,5.38,9.11
YN574484,10.0,7.5,10.0
66644773L,10.0,6.9,3.63
46097835Q,1.15,6.94,8.32
71401239Q,10.0,7.72,3.47
IJ166354,10.0,6.07,9.6
82811681C,10.0,6.29,0.0
89402192L,6.3,7.87,4.14
87562977E,10.0,8.11,2.18
YM384918,3.88,7.08,4.64
26518315M,5.43,6.99,4.2
22822217F,10.0,5.27,7.48
22413953Q,7.53,7.28,6.05
46544416Y,10.0,6.5,8.59
20886165A,0.0,6.94,3.52
99148931W,10.0,8.04,5.82
97669623P,1.57,7.35,7.78
48469900E,9.21,7.55,8.52
90242414M,2.43,5.84,10.0
84291473S,5.22,8.22,10.0
74814005L,3.92,6.6,4.62
96015265V,10.0,7.39,10.0
57262390A,7.57,7.14,6.4
00500788D,3.04,7.05,9.87
09010815J,0.0,8.68,8.7
GN946370,10.0,7.02,0.0
RX398995,5.02,7.25,1.48
WV400368,6.98,6.77,1.41
98453116Y,3.89,8.59,3.87
89281686X,10.0,6.8,10.0
IH662727,3.83,7.55,3.69
94385321Z,9.23,7.69,4.78
LX029942,8.02,6.45,10.0
44006093D,10.0,7.92,10.0
08847296R,5.8,7.45,5.83
85705407R,10.0,6.84,3.59
64148574X,10.0,7.61,4.09
69805206E,10.0,7.06,2.36
95584677N,9.81,5.84,0.0
82483325N,10.0,6.88,7.82
85002365T,4.51,6.6,9.31
41895195M,4.27,7.65,3.88
20805314C,9.98,7.53,7.04
35105371B,10.0,6.93,0.79
ZS052578,10.0,5.54,7.31
40128299S,3.04,8.22,6.53
YI397731,10.0,5.25,1.16
01699255S,1.91,6.95,10.0
70352502X,4.75,7.32,5.48
32714890N,5.55,6.5,6.63
XC933833,2.91,5.99,4.65
01980029M,4.93,6.55,7.35
67543775C,0.0,8.64,1.49
70733309Y,4.41,6.82,8.88
35266947N,5.7,7.39,5.6
16932313N,4.13,7.74,6.31
53986124H,5.75,5.98,5.79
10887039N,0.97,7.41,10.0
56575489C,1.76,8.5,7.92
04486877Z,0.0,7.07,6.17
87507524E,7.82,6.18,7.98
04635432N,0.0,7.87,8.83
HM974815,0.93,7.69,8.87
LQ664858,6.81,7.96,5.32
80706467L,10.0,7.3,0.47
95731485B,10.0,6.95,10.0
22230224B,4.37,5.88,10.0
VI261067,1.56,6.33,2.45
29077650S,9.73,6.33,4.55
YA255646,4.35,9.52,10.0
87022933H,1.33,6.58,10.0
CB715598,10.0,7.74,6.12
61001736D,10.0,5.88,10.0
90330996Z,3.73,7.49,10.0
97609908R,6.1,7.02,10.0
86025284V,10.0,5.41,5.51
77977119N,3.7,7.49,6.75
02606596Y,10.0,5.58,10.0
26324471M,1.92,4.41,0.0
97369293N,10.0,6.03,1.86
FI289647,9.54,7.06,8.62
57205092K,10.0,8.37,0.0
YB405836,0.0,5.57,10.0
50118691N,6.98,8.02,6.02
39667036V,5.85,7.51,8.51
61627974A,10.0,5.0,10.0
41997412X,8.08,6.9,0.01
37490555A,7.07,4.93,4.97
83548252Q,5.93,8.38,8.85
NJ797228,3.12,6.98,5.33
79165173R,10.0,7.82,7.82
81179476X,0.15,7.14,10.0
07645901B,10.0,5.68,10.0
43876511D,9.52,5.1,8.65
56446745F,10.0,8.48,0.83
67845813E,7.04,7.58,0.0
16929111F,10.0,6.15,4.81
24874419B,10.0,5.05,0.61
50701102V,4.17,7.57,7.35
51382668R,4.57,6.91,3.32
57580100Z,10.0,8.55,4.95
NC427565,7.08,8.14,6.43
37133193S,10.0,9.08,3.71
46398658E,3.29,8.27,7.56
49129916F,9.43,5.89,0.0
57868351Y,1.98,5.96,5.92
92885554P,5.81,5.78,10.0
FR180201,5.55,7.88,7.79
96781146K,10.0,6.37,8.93
KF114012,2.13,5.84,0.0
53345478Z,10.0,7.58,1.8
71827680Z,8.88,7.32,5.23
57610676T,7.28,7.97,3.6
60267597F,10.0,7.95,10.0
77160658M,6.57,8.67,1.98
62018447M,1.92,7.8,9.06
16047573J,9.91,7.15,2.42
26307519G,6.92,6.41,3.47
17156373Y,6.58,6.33,5.22
72547298P,10.0,7.78,10.0
13180293M,10.0,7.38,4.06
JK967335,4.98,7.24,8.03
16305819S,10.0,5.09,5.89
67302319H,2.07,6.99,6.62
91399563R,8.32,7.13,3.21
08186918E,10.0,6.52,9.4
28397226T,7.89,7.26,10.0
39675498S,10.0,5.96,9.87
50454309Z,0.0,7.49,2.27
75539536S,10.0,7.2,6.47
LZ565104,10.0,5.53,3.99
78164137V,6.53,8.38,3.76
AN710670,3.51,6.7,10.0
MT462011,10.0,6.62,5.26
KR641827,6.6,5.4,1.68
53808857N,0.0,5.71,3.81
PN727515,10.0,6.74,3.88
44562670D,10.0,4.22,3.24
80850773T,10.0,5.12,10.0
CL250195,8.85,7.39,9.03
91137283J,9.76,7.64,6.0
13939216C,10.0,7.81,5.49
56953863K,10.0,6.05,7.67
QY523321,8.07,5.29,3.44
IN571597,9.71,8.54,4.77
09355999J,0.0,6.89,7.66
45011075Y,2.9,7.63,9.91
34381589Q,3.52,6.83,6.37
09274382T,0.0,7.87,5.85
AQ911656,4.06,7.47,4.16
59664207E,8.35,7.0,5.69
24535582X,10.0,6.97,5.03
YF596514,0.0,7.72,5.28
03024830P,10.0,7.19,8.64
FW790650,10.0,8.26,6.94
24603459Z,8.61,6.62,10.0
LN167284,10.0,7.26,6.49
DW558269,10.0,5.76,9.62
82309242Q,10.0,6.81,6.13
53513244H,8.28,8.48,10.0
FU376974,3.87,6.87,4.85
BG126182,7.37,5.7,7.24
JI772380,6.76,7.01,8.51
JC341407,10.0,6.82,0.87
78906098K,10.0,6.38,8.95
06552434X,5.06,6.32,7.1
CW562535,7.2,7.45,5.71
NG150927,10.0,7.63,0.36
74564865S,5.99,8.24,5.38
SR875338,6.84,8.38,0.0
53808857N,10.0,7.62,6.73
80281154E,6.89,7.2,9.99
98962518G,7.76,7.6,2.96
14681060E,10.0,6.86,7.62
70099446T,3.74,6.99,1.2
86026076G,2.26,6.74,10.0
97307355J,6.14,6.52,7.27
RY991151,10.0,8.13,7.6
31688842V,10.0,6.85,3.62
89849921F,10.0,6.52,0.0
33856241B,4.83,6.87,9.86
AF530200,6.37,6.47,7.3
EA448279,10.0,6.73,6.34
32470988W,2.29,6.74,10.0
57826349W,3.18,6.27,4.43
46332064J,6.44,6.62,4.5
88604593Z,0.0,5.09,0.18
15783332L,6.53,7.37,5.1
GQ796592,7.0,7.3,1.82
PV110902,10.0,5.22,4.3
31415980G,1.0,6.05,0.5
73423262V,10.0,7.42,5.25
29127667F,4.28,6.56,4.85
97551713L,10.0,7.47,10.0
43046569E,5.92,5.23,9.38
78904581E,6.2,7.18,5.65
CW521764,5.92,6.69,4.08
54925226F,10.0,5.88,9.45
NH147936,0.0,7.26,0.0
74735208C,4.26,7.77,5.49
LK835110,6.32,7.01,10.0
54542050B,9.81,5.56,9.91
77911877K,10.0,7.83,0.04
RZ732675,7.89,6.88,5.25
QY523321,10.0,4.86,0.0
22249408J,4.52,7.84,0.0
98071365D,10.0,7.55,10.0
75567622H,8.45,6.15,3.73
VR502614,9.7,5.99,3.95
88604593Z,10.0,7.17,3.02
63191216G,6.28,6.46,3.65
29910073E,10.0,7.23,2.87
HD638625,6.29,4.35,3.62
DK524244,6.48,6.5,3.24
ZR488381,0.0,7.38,0.0
24243104T,10.0,6.69,3.02
SC363095,1.91,6.41,5.25
FV119772,9.38,6.39,0.0
91719769R,9.69,5.15,4.56
44695393E,7.95,7.76,1.91
LG458223,4.13,8.0,3.44
35017403H,3.67,7.67,1.1
22270061N,7.86,6.96,10.0
07950859N,5.49,5.74,8.45
34340638M,8.97,6.85,10.0
SI889795,5.05,7.18,5.18
25192640G,8.19,8.56,6.4
52453746S,10.0,7.07,8.84
13449741P,10.0,6.3,10.0
YF596514,10.0,5.88,5.87
SM673224,1.44,7.16,0.0
98664559X,7.11,5.37,1.53
BU473772,10.0,6.11,8.47
29461932J,10.0,8.65,10.0
JJ452687,5.7,4.32,7.52
42559961W,5.47,7.09,0.0
83507947F,5.99,6.39,4.7
ME522026,10.0,6.78,3.93
LZ565104,1.29,7.62,7.61
33945290G,3.83,7.05,1.36
PV131292,7.64,8.17,1.27
65575056D,10.0,6.78,8.28
81185987N,0.0,6.14,4.75
91083007V,0.02,7.29,10.0
86803171K,10.0,8.9,7.58
95936465S,3.2,5.67,1.25
46925481F,0.0,8.92,4.94
VF176606,3.14,6.17,7.33
65138437E,6.9,6.51,10.0
20489554G,10.0,6.3,5.23
03282084F,3.05,6.81,9.26
14681060E,8.05,7.98,2.83
92885554P,10.0,8.09,6.22
04476824N,2.94,7.99,2.78
51368933C,10.0,8.86,0.0
53980057T,10.0,9.17,10.0
57564911M,0.72,6.88,6.11
19329126H,0.0,8.08,9.4
12799795L,8.45,9.07,8.96
28918010H,7.62,5.41,7.02
10352642C,2.64,7.4,4.44
69630996Z,9.88,5.92,1.15
60161477D,10.0,7.62,7.64
24469571D,8.99,8.99,5.84
78598920P,10.0,7.01,5.38
65545169E,5.58,7.36,3.58
20012364H,10.0,7.08,0.0
11563650D,6.53,8.39,2.55
62073030D,6.58,8.74,3.39
42831131W,10.0,7.62,10.0
AK270249,10.0,7.12,1.67
89831066N,7.81,7.08,5.77
21149985J,0.0,8.03,7.41
14354926M,3.18,8.17,6.44
97687494P,8.52,6.41,4.0
60167906K,4.58,5.29,4.98
90969196X,10.0,5.93,3.46
DS254930,10.0,6.37,4.2
87056702T,1.97,7.46,5.52
81861708Q,5.29,7.73,3.41
50662010W,6.36,8.34,1.49
47324019R,10.0,7.44,3.23
JN060995,4.86,7.21,6.24
QL234905,10.0,7.51,4.21
20074009T,10.0,6.37,7.48
27293922Y,1.09,5.64,7.78
04873826B,8.56,7.82,4.03
MY142580,3.4,6.14,10.0
14208413W,4.33,6.11,1.78
33856710C,1.3,8.69,2.54
96224060H,10.0,7.85,10.0
87507524E,8.4,7.12,6.29
VF598393,10.0,6.26,4.14
12656587D,4.6,5.95,5.13
69454926D,0.0,6.47,9.36
06305459D,10.0,7.79,2.0
07383573K,4.23,8.79,8.09
77887715D,10.0,6.92,3.98
JT796988,5.62,6.13,0.0
09355999J,10.0,5.85,2.86
NK512249,6.25,6.58,2.2
57564911M,10.0,5.64,4.27
84790922L,10.0,7.94,6.2
53365971Z,4.28,7.95,6.63
ZY990104,4.61,7.84,10.0
FR618773,6.68,6.3,2.74
36636954R,10.0,6.47,7.31
31113439M,10.0,7.67,6.4
GN260193,6.78,7.4,6.01
46064854V,3.54,6.1,9.16
76844607C,10.0,6.06,8.03
JX954018,9.21,7.83,10.0
72849185C,7.08,7.24,1.17
PO270990,10.0,5.29,9.95
GW620238,10.0,6.36,1.24
86221563Z,10.0,6.06,10.0
63940379B,2.29,8.77,5.17
38564631W,7.17,8.41,10.0
91513907N,8.48,4.61,4.12
41384322P,10.0,6.98,6.76
81774934K,5.12,6.45,10.0
55105381A,10.0,5.39,10.0
92399431J,3.99,7.04,3.16
04476824N,8.9,8.98,6.53
03573711V,7.68,5.93,4.84
28872897P,6.24,7.17,10.0
48939912Y,0.32,5.95,7.64
08113760G,10.0,6.54,10.0
72823536Q,7.06,8.35,6.98
BI194009,3.72,7.96,4.19
RZ615063,10.0,6.56,5.02
BA087928,7.75,5.27,9.62
SM923143,2.61,6.0,1.84
95478585L,9.21,6.01,5.94
UX387199,10.0,7.21,6.66
WA897764,10.0,7.95,10.0
99879071F,2.3,6.1,2.73
55323952M,5.79,8.45,10.0
PN848536,6.69,6.26,10.0
80239401Z,9.79,6.25,5.1
32995424S,8.06,6.38,3.08
97204880A,10.0,8.16,5.19
63400365Z,7.96,6.51,9.0
20030232S,8.22,7.51,7.22
81871242M,10.0,6.84,4.43
KJ230107,7.15,8.01,4.29
85425257Z,8.48,6.88,2.39
86208587X,5.97,5.58,10.0
IU322144,10.0,7.6,8.61
RA903007,0.0,7.73,6.76
32090730A,6.41,5.91,5.44
57601986G,4.78,5.63,10.0
32470988W,0.38,6.68,9.34
RY991151,9.66,7.35,0.0
54283844A,7.01,6.96,0.82
LF343000,8.95,8.54,6.99
14651114E,1.98,7.8,3.74
MF674076,10.0,5.35,7.61
66285248F,10.0,7.33,0.92
43102855G,0.0,5.58,2.59
78274371N,5.74,7.46,5.67
MU054530,7.29,7.95,0.0
95568185B,8.06,7.91,7.39
09156368E,4.47,7.2,9.47
35392012A,10.0,6.15,9.95
34369799W,10.0,6.72,5.26
61902517H,3.05,6.26,6.48
03125383M,6.22,7.44,10.0
31156144E,4.88,7.14,10.0
24584510V,10.0,7.07,7.58
17139660Z,0.0,7.99,0.81
54906053Q,7.83,6.27,3.26
82704421D,10.0,5.94,7.51
38160188Z,9.72,5.65,0.0
03405623J,5.94,7.02,1.31
05518769B,9.71,7.89,2.98
96693970S,8.84,7.88,8.34
66279356A,10.0,7.85,3.39
30569017Q,7.33,6.86,0.0
85994368J,6.6,5.36,8.84
KS737158,9.35,7.13,0.84
70203013K,0.0,7.26,8.85
49039267R,3.8,7.14,8.47
WG352663,10.0,5.39,6.34
93680630C,10.0,6.03,2.53
05140964G,7.05,6.89,4.34
54502503R,10.0,6.96,3.69
93364788Z,5.41,7.53,9.75
18267139X,10.0,6.56,2.85
MJ179463,5.87,6.72,4.62
BK117969,2.86,7.55,7.98
QD672922,10.0,6.02,4.76
HZ307505,10.0,7.18,7.4
DL340244,3.23,7.99,4.44
BB900907,0.0,5.89,4.06
18594691L,5.6,5.86,0.0
71271692M,6.29,7.22,9.07
RK453521,10.0,8.82,9.49
83433815G,0.0,4.33,9.78
ZZ809819,6.11,7.38,2.27
DI774967,10.0,7.89,6.45
MP437241,0.0,6.74,6.74
KP332142,6.68,8.54,8.33
86172200D,9.38,8.92,6.6
85493390K,3.45,7.26,4.46
61910181T,7.57,6.31,3.9
18718526E,4.39,7.35,8.3
28082466H,8.09,5.06,0.0
05338725B,8.95,8.5,10.0
VF543807,2.65,8.2,10.0
24302965S,10.0,7.41,10.0
02509062S,4.45,8.31,2.15
90944966E,4.02,5.88,0.0
29731574A,2.32,8.16,5.54
56350257G,0.0,7.53,0.0
78598920P,9.12,7.33,6.7
BM740995,0.21,7.09,8.23
RB135242,8.51,8.33,6.37
54845446Z,3.21,6.34,8.79
BM881512,9.66,6.13,4.63
HZ786721,7.99,7.49,0.75
13189775B,5.27,7.03,0.0
59162359B,10.0,5.38,1.33
64251146W,10.0,6.21,9.14
88811793F,1.84,6.83,10.0
91059534G,1.78,7.13,6.13
64097643R,9.97,7.29,1.05
45081389D,10.0,6.25,5.8
15427457T,10.0,7.5,7.85
CD346043,10.0,5.73,0.18
XE624992,8.31,7.72,3.42
09585404Q,9.44,6.71,9.77
IO291465,4.09,5.04,1.5
ZO449883,4.84,6.2,8.36
HL468615,10.0,8.47,8.67
QP683690,3.39,7.31,6.55
37553756T,10.0,5.98,3.1
14641489B,0.0,8.15,4.69
10445271M,2.01,5.96,4.76
37949572D,2.13,7.77,10.0
23692023E,10.0,6.69,1.0
XK731731,10.0,6.96,10.0
00387001A,0.0,4.85,5.42
22459137M,5.06,7.54,2.49
85640668F,2.03,7.45,1.71
29461932J,5.46,4.67,8.44
GF272944,10.0,6.99,0.0
YK916764,10.0,6.32,3.83
08638468J,10.0,5.89,6.99
39815790F,4.62,6.95,6.24
48462372S,10.0,8.47,9.47
16927898J,10.0,8.1,9.36
PI880758,8.29,9.0,8.22
EO328780,8.84,6.5,9.3
36673573G,9.66,4.58,6.56
86987555Z,6.1,8.06,10.0
97641902W,10.0,7.86,0.66
84163208K,10.0,6.9,4.95
73216107T,5.79,6.67,5.35
47818373Q,7.86,6.4,0.0
23352806D,6.49,8.24,5.54
92836504V,5.41,6.63,2.95
VF167985,0.0,7.32,10.0
80292385Y,8.05,5.83,8.78
39659729R,10.0,6.94,4.03
65272309B,7.06,6.98,10.0
88554013B,8.8,8.43,6.7
81757869E,3.38,6.02,5.89
59162359B,8.31,8.33,0.0
13936674P,5.95,6.83,9.4
65697094D,8.48,5.82,7.85
07285836B,10.0,6.14,10.0
58812214H,9.49,6.63,5.3
KY497296,0.0,5.6,8.22
47685103P,10.0,8.85,10.0
76699204T,0.0,5.68,10.0
XH592930,0.0,7.06,7.99
28699309R,0.54,7.88,8.3
79223130K,8.17,7.59,2.37
GY916821,2.44,7.06,2.05
21914703G,1.61,7.16,9.68
47471971V,7.37,7.61,3.81
76878610Y,9.81,6.61,1.57
VQ280551,6.68,5.89,2.52
86813590K,10.0,8.29,5.8
77961525N,3.33,5.4,9.49
GI801418,10.0,7.52,0.06
FT086954,2.86,7.56,7.92
JX954018,10.0,7.35,7.3
PC341156,7.59,6.57,1.48
84770623Y,4.72,8.14,2.57
62533277A,9.06,8.99,5.28
30439096E,5.98,7.22,10.0
79641839S,6.13,8.66,5.56
05603126G,0.0,9.31,8.34
35791779F,7.75,7.54,10.0
RE465738,7.67,8.55,8.92
FJ300073,10.0,7.98,0.0
92386460Z,0.0,7.88,4.65
62502829F,3.76,7.08,9.44
86154003M,2.77,7.66,0.48
57389490M,10.0,6.24,5.73
QH483516,3.32,6.12,0.0
53407954E,1.4,7.14,0.0
74266274X,10.0,6.74,5.95
41661129X,10.0,5.55,2.07
85519196K,0.0,7.25,10.0
69715736E,6.88,7.26,10.0
01699255S,10.0,7.5,7.19
34797633J,6.23,7.08,9.68
36439318G,6.54,7.64,8.89
YK916764,7.15,6.09,4.56
63119200R,2.01,7.22,9.5
62347300G,5.8,5.54,0.33
88460699P,4.27,7.28,4.79
91513907N,9.84,5.71,9.67
KQ510098,5.17,6.63,7.88
WS119311,8.8,8.01,10.0
29677180G,0.0,7.73,5.5
91816938H,9.86,6.53,0.0
71400018Z,6.19,6.23,6.25
SV443363,10.0,6.85,4.21
60989501X,0.0,8.41,4.87
TA113765,8.19,5.75,6.49
34558774D,10.0,6.07,9.45
88482681W,10.0,7.0,9.5
62347300G,9.52,6.72,4.4
41661129X,10.0,7.36,9.89
15576946N,1.04,8.54,3.5
83507947F,0.0,7.68,9.47
82173067R,3.23,6.67,5.49
98665804J,1.49,7.3,9.8
54241135M,10.0,6.39,4.93
79165173R,5.34,7.82,0.0
58703850F,10.0,7.3,10.0
10497789Z,3.86,6.82,3.07
06730964Z,0.77,5.03,1.45
88382172A,10.0,6.37,7.17
42879524A,9.02,6.57,10.0
43310323N,6.79,6.93,8.38
85155369P,0.0,6.29,2.38
14354926M,10.0,6.09,7.27
08820079Q,6.11,5.96,10.0
47984534W,7.6,5.66,5.33
FO475082,9.11,5.35,8.52
37335129B,10.0,5.39,0.1
61413005S,0.06,8.66,10.0
EJ758090,10.0,6.35,0.0
71576256A,2.66,6.7,10.0
NE721227,6.1,5.29,10.0
47502640G,3.86,6.74,0.0
85241405R,10.0,6.57,2.99
81075806R,6.42,5.32,9.59
SZ450214,10.0,6.41,10.0
85800563Y,5.55,8.28,8.03
QE599650,10.0,6.73,3.42
79165173R,5.22,7.45,10.0
HG377882,10.0,8.57,8.56
91061775Z,4.5,7.11,5.32
JW202597,0.09,7.81,9.31
WR795110,10.0,7.54,3.58
UX822752,8.72,8.16,3.35
75138261K,10.0,9.04,9.19
LO214899,3.38,5.57,6.3
MG714197,4.34,6.58,4.81
LD397134,1.76,6.87,4.0
24898225N,0.0,7.58,4.0
BB956884,0.0,9.58,8.11
54171825V,0.0,6.91,4.15
33504087X,10.0,7.46,10.0
22889957N,10.0,8.2,10.0
31763024R,10.0,6.3,0.86
72140037P,5.26,9.36,7.68
44528774S,2.21,6.59,10.0
22304675B,3.95,7.29,4.5
QL985055,10.0,8.34,10.0
98804343T,9.74,7.89,7.83
AO707386,3.82,4.51,4.26
59203811V,5.42,7.48,6.0
19203545V,3.63,8.4,3.66
ZA488066,9.71,6.44,6.27
QF206475,7.96,9.18,5.11
22726097G,9.62,7.56,5.23
03285947Y,2.08,5.56,7.01
54980564F,6.45,7.96,6.96
BU399376,7.99,6.99,1.65
34635970V,6.63,7.41,9.25
86854018S,9.14,7.35,10.0
98512383W,4.0,7.99,9.38
49871585H,4.81,5.34,5.59
05908064P,5.19,5.22,3.14
65575056D,10.0,8.53,10.0
91211482Z,4.35,5.52,0.86
22883892L,1.12,6.56,3.53
VF495221,10.0,8.0,5.36
26879477K,6.09,7.92,7.74
54440716S,9.78,6.41,4.6
01980029M,10.0,7.55,6.05
30124890L,8.27,6.84,8.68
RH170521,10.0,6.01,10.0
NL598751,9.15,7.26,9.54
37535007L,6.3,8.74,0.52
YJ377856,10.0,7.99,8.17
34797633J,4.58,5.95,5.98
70478586P,5.08,5.67,1.3
24081633N,10.0,5.76,2.32
55734869G,6.86,7.03,10.0
15265794G,7.49,7.13,6.37
47277214R,2.13,9.45,9.13
AH810076,10.0,7.52,3.99
IM372645,7.18,7.7,2.87
HY264479,0.0,9.79,8.33
UH160347,0.1,8.37,5.8
59863820H,10.0,6.4,10.0
19002073W,7.69,8.05,3.85
KG754151,9.98,7.0,8.46
46428903E,4.77,8.33,10.0
64058693J,10.0,8.12,7.2
BA204015,0.97,5.87,10.0
21091956J,2.1,7.57,4.67
ZP335528,10.0,7.43,8.63
35619844C,10.0,5.71,8.42
DN817633,7.55,8.36,9.43
GJ748221,3.19,8.89,0.5
XW736575,6.82,6.74,3.18
62332849C,1.32,7.16,0.82
38214331S,1.32,7.1,6.81
15206136P,10.0,7.13,9.07
98453116Y,1.98,6.15,5.69
QN740009,10.0,5.84,9.5
OG545847,9.02,5.48,7.01
12048469B,2.6,6.86,4.61
19747694D,3.24,5.82,8.98
33446564X,9.67,7.08,4.14
60278343N,6.76,7.44,10.0
71189922T,5.12,5.64,10.0
UM574369,10.0,6.16,10.0
02234879S,4.03,6.79,0.0
21511278E,6.64,7.39,3.02
AW526818,10.0,6.92,6.3
50131143K,1.59,6.39,10.0
51967490W,8.74,6.92,7.51
PF392868,10.0,6.96,1.54
73332360B,8.78,6.5,7.92
82916077L,1.9,5.09,5.35
24720006C,5.46,5.79,9.17
70351192B,9.18,8.85,10.0
DE910280,10.0,4.98,8.45
JK967335,9.25,5.88,7.77
80303495F,7.37,8.19,4.21
23235289E,9.87,7.98,1.3
37254838J,0.0,7.02,7.63
25680879E,6.18,7.67,9.7
55617647J,8.85,7.57,10.0
16894353W,3.61,7.74,8.67
17499894E,7.23,8.04,2.5
59976799K,4.01,5.64,6.16
47818373Q,8.78,5.75,10.0
13230013E,0.99,6.79,1.81
38893282Y,4.41,7.44,9.41
90415799Q,8.25,7.22,10.0
70943663W,9.48,5.89,9.42
70862741V,6.42,6.25,8.74
99095531P,3.67,8.61,1.75
ZC589352,8.15,7.0,3.07
LV636328,9.73,7.65,10.0
32836612H,0.41,5.13,10.0
JE037185,4.23,6.97,1.56
17059307T,7.92,6.63,0.71
YA679415,10.0,5.43,10.0
10646728M,5.2,7.23,9.84
QL193260,10.0,5.52,7.6
04839359K,10.0,8.43,8.24
ZP335528,6.17,6.87,2.05
10007702B,8.1,7.68,4.09
99886238K,10.0,5.79,4.4
GE301245,10.0,7.9,3.26
EC502808,0.96,6.91,0.68
24227501Z,10.0,6.85,2.2
26275295A,10.0,8.88,8.51
80108412X,5.38,6.35,3.32
77038178T,10.0,6.33,3.68
ZZ870113,10.0,7.32,10.0
KA683261,6.78,8.16,8.83
FE809599,6.07,7.81,4.6
90936585J,0.73,4.99,7.7
52207984P,7.44,6.77,7.29
71424282J,3.03,8.05,7.49
85359964H,10.0,8.26,1.02
38654299Q,10.0,8.98,8.28
67589714M,4.22,8.04,5.96
17499883B,6.62,6.98,7.22
86464999H,10.0,5.96,6.6
27358028B,2.42,8.34,4.23
43727153J,4.79,8.1,10.0
50622993Q,1.21,5.53,10.0
LX756202,7.12,8.38,0.0
13768846B,8.1,6.48,10.0
16074649H,1.78,7.74,3.35
92885554P,8.64,6.61,9.41
69639843Y,2.6,6.83,6.62
19568039F,5.65,7.41,8.43
74834973B,10.0,4.97,7.65
JR137209,10.0,7.48,6.68
MW200748,2.03,6.5,7.04
13182131A,3.79,7.26,2.63
44884181A,2.27,6.53,10.0
BL187405,6.63,6.91,0.0
65893002A,10.0,6.21,0.39
29255699K,5.04,7.2,0.45
35399852T,4.55,6.63,2.33
FM713333,10.0,7.5,8.55
BA087928,7.07,6.29,0.0
AM125067,9.59,8.64,8.24
XZ769853,2.43,9.38,1.43
03204840C,9.17,5.06,6.05
36527071N,10.0,7.63,8.69
53504903A,10.0,6.84,1.73
91352017L,10.0,5.97,3.59
VC734413,4.47,6.78,0.0
96506794J,6.79,6.24,9.65
76829340W,10.0,7.19,4.37
KA683261,4.05,6.48,5.35
56136982P,10.0,7.08,8.03
31809642K,2.77,8.7,4.19
58361529H,10.0,6.7,7.29
57465157W,4.41,4.5,10.0
71125578X,6.88,7.06,10.0
13168760H,4.67,4.64,6.64
96445291N,0.86,5.42,8.4
PP163313,0.6,6.74,7.89
54811039S,9.28,7.55,3.94
24319428X,8.34,7.41,0.38
69381614K,6.72,8.63,2.89
84107264J,10.0,7.77,3.12
96474971E,0.0,5.94,5.22
NT371963,0.0,8.55,10.0
UB786173,10.0,7.97,8.45
78848183C,7.43,7.33,1.03
05908064P,5.61,7.68,1.5
45294937W,4.68,7.67,3.33
RS569059,0.0,5.9,3.51
90782222A,10.0,8.32,9.52
EB513998,9.72,7.91,0.0
QK339036,10.0,6.51,3.86
07018644X,0.0,7.73,6.84
06186629C,8.44,7.62,8.77
VB461431,3.77,6.12,8.11
56884108W,1.3,7.94,0.92
75018997N,0.0,7.23,0.51
38784626W,8.21,7.0,7.79
03125383M,7.12,8.13,3.53
08699782D,7.26,7.65,0.36
45379803K,9.09,6.19,8.52
XL672242,6.23,6.43,10.0
55022201Z,8.85,8.14,6.39
01175854W,3.97,7.04,6.21
HP759907,8.43,5.6,8.08
89831066N,10.0,6.59,6.64
38391091C,4.39,6.35,10.0
13440591N,10.0,6.18,9.2
67312222P,6.72,7.23,5.33
22877399N,7.27,6.88,9.62
FV119772,6.36,7.78,4.78
66803465B,5.4,7.92,6.06
91053168D,7.08,9.56,3.09
98770773X,10.0,7.1,4.21
07011695F,7.53,5.12,2.36
KP988443,8.97,6.68,5.35
83071723R,6.04,4.71,7.53
36190487X,6.96,6.55,10.0
60986177K,10.0,8.26,5.1
KY198419,7.71,6.86,2.65
23493475X,0.0,6.99,9.73
32121722Z,6.11,8.21,6.66
YR350438,10.0,8.79,9.22
WF278832,2.35,8.11,2.59
19238027E,9.97,8.61,0.67
AP218592,6.65,6.25,9.55
PU836187,10.0,6.5,10.0
63303628S,10.0,7.88,8.0
NS865476,8.29,9.28,8.03
XA950935,8.32,6.0,9.27
19982521Y,4.62,7.19,0.0
90575879Q,10.0,9.68,3.93
GP085028,7.83,4.51,0.0
64608919X,6.23,7.29,5.84
RT883206,5.65,7.67,4.74
TS758373,9.53,8.09,3.57
CC245157,1.09,5.88,0.6
61343474J,5.37,8.85,8.9
LJ263267,0.0,6.91,9.61
AW757307,9.68,5.89,6.78
XZ978462,7.74,7.68,2.28
BQ659769,0.0,6.71,0.0
85867164E,4.22,6.82,10.0
49995569D,7.48,7.8,2.85
05376860N,10.0,5.71,8.09
71827680Z,1.7,7.37,8.25
CU406448,10.0,5.49,2.31
19403074K,7.35,7.61,8.27
49940903Z,3.89,5.33,10.0
IJ185445,8.95,7.18,10.0
42426114S,1.86,7.5,6.8
29824942Z,4.83,6.16,0.0
88047850D,10.0,7.7,9.1
07018644X,6.38,6.16,9.98
38686180L,7.8,7.6,5.86
79285342H,9.54,5.09,2.33
DN817633,2.91,4.97,6.71
DA634482,3.83,5.69,0.0
80153405S,0.0,8.68,10.0
63133956Z,6.97,7.0,8.92
54464787M,1.36,7.49,6.54
29824942Z,10.0,7.05,8.5
05381834H,10.0,6.26,1.99
84083459J,10.0,6.98,10.0
76677146E,7.19,8.52,0.82
33127828P,0.61,6.15,0.07
57465157W,6.2,7.54,8.62
WO084479,0.0,8.79,2.04
31299639C,9.4,5.39,5.82
JM264493,10.0,8.93,9.08
75346088C,9.25,7.36,4.36
PB958386,7.99,7.72,2.48
PJ164113,0.0,7.95,8.13
81913482V,10.0,6.94,6.63
74108638Q,9.98,7.07,1.71
67463218D,8.64,6.52,2.96
PH620545,9.44,6.31,10.0
37030218B,4.12,6.76,10.0
45986493V,0.0,8.33,6.33
01183619Q,0.55,7.01,6.92
31239671J,3.72,6.48,9.15
48698062R,5.79,6.95,8.64
68765092Z,10.0,7.13,9.97
98344318K,10.0,7.71,10.0
08638468J,2.27,5.59,4.11
13665444V,1.29,5.67,7.67
80611417M,0.82,7.06,9.66
50294763L,2.27,5.39,4.78
DE910280,10.0,6.89,2.75
58350841W,2.66,6.79,10.0
CL273331,7.08,8.85,9.57
31421755Y,0.0,6.27,6.82
54469415X,0.2,5.79,7.16
73625572L,2.45,6.87,10.0
80706467L,2.11,6.42,5.38
38087347Z,7.87,6.1,9.75
45496387H,10.0,5.67,6.54
85002365T,3.16,6.6,10.0
KI954554,1.73,5.84,0.0
EC329955,4.1,7.63,8.24
56707442E,1.28,6.7,7.21
93114705X,6.25,6.15,9.75
UD989889,10.0,7.26,4.57
UP523464,10.0,6.68,9.17
66648369G,8.74,6.96,8.99
72195930B,0.0,5.7,9.11
34645142N,0.98,7.12,3.58
EC502808,9.18,6.64,8.16
36337460J,4.02,5.72,7.83
82807284Q,7.52,8.17,2.32
39675498S,0.0,5.88,5.01
ZD893335,10.0,6.6,0.01
18909619P,7.86,6.84,4.93
19064506J,10.0,6.31,8.33
46403872S,9.12,7.66,8.53
BL094500,10.0,6.45,0.88
13087132V,8.71,8.45,5.45
ZD893335,7.6,5.95,8.73
53945084X,10.0,9.28,3.7
NW811272,0.0,5.72,10.0
93383762J,6.59,7.42,10.0
07451658A,7.02,5.93,4.34
PY705982,8.2,6.82,2.55
14983596Q,0.0,6.28,7.76
HP759907,3.61,5.42,0.0
02913902D,10.0,6.42,10.0
70174029V,10.0,6.85,4.78
36178738Z,10.0,6.38,9.83
78554479A,10.0,5.6,7.88
65890477P,10.0,8.94,9.85
15118713P,5.62,7.69,0.0
32080852S,0.0,6.79,1.97
09073172V,3.67,7.06,1.4
ZA236355,10.0,5.91,2.72
65983170B,5.86,6.39,2.12
15135021D,10.0,6.66,6.24
89778845R,7.81,7.1,0.84
83937630G,2.74,6.7,8.64
12730773C,0.0,6.88,0.55
58857436E,10.0,7.19,4.87
24319428X,2.38,5.94,10.0
69362693Y,5.09,7.47,8.03
JL328698,5.7,10.0,5.82
JX954018,5.62,7.62,9.57
NT265205,2.51,7.06,0.0
50870193N,2.74,7.2,5.44
84544148N,10.0,5.94,10.0
25145131J,8.94,6.66,10.0
59258703P,10.0,7.59,0.04
11896225G,9.4,7.16,3.61
53952189P,5.76,6.58,1.14
47059576N,7.56,8.1,6.32
UD785358,5.68,6.49,1.65
35175530C,6.36,7.39,2.31
81391219S,9.12,8.1,10.0
32066001E,10.0,7.9,4.11
73805981Q,0.0,7.52,7.01
70451272H,10.0,5.99,4.15
PC341156,5.62,7.8,9.27
75505044T,0.0,8.33,9.38
KT535050,5.44,6.48,4.53
33511449N,0.0,5.89,10.0
52286578B,10.0,7.32,1.85
13144176K,8.23,6.26,4.36
52453746S,6.63,7.93,6.64
QA780851,10.0,8.84,9.19
92153286Z,3.45,8.3,4.69
CK662178,7.71,7.21,8.34
85414690G,10.0,9.44,2.76
57296541E,9.96,6.91,3.55
OV584544,10.0,5.49,6.83
88202687X,6.63,6.81,0.96
95076623M,0.0,6.93,8.66
33886409A,5.57,5.6,8.46
53385215F,2.05,8.12,8.45
71693810G,10.0,6.15,10.0
IM933890,5.89,6.84,3.39
47829226J,10.0,6.9,6.35
KC892097,10.0,6.55,7.13
03936931K,5.0,6.76,8.23
12757977S,10.0,6.73,1.83
66715645M,7.18,7.33,5.15
40574910N,1.42,8.57,5.23
88642497Z,4.67,6.63,0.0
57373534B,0.0,5.43,5.89
73805981Q,0.0,6.28,6.79
42880516Y,4.2,8.0,2.57
JJ423802,7.74,7.25,7.03
OU623524,7.07,9.18,2.17
57644425P,6.58,6.53,7.59
17499883B,10.0,6.41,1.35
AV846483,9.17,7.83,5.01
44123189N,5.89,6.87,9.38
HS660732,8.49,6.62,7.15
05801424L,5.56,9.1,0.0
XX937594,0.98,7.34,7.06
DI774967,2.74,7.62,10.0
29957384E,10.0,6.43,8.62
83153219P,10.0,7.12,2.01
54576638F,3.17,6.77,4.13
46544982C,1.24,4.58,6.68
08820079Q,7.43,6.37,9.1
RY238033,1.42,6.34,0.45
23781366X,0.0,7.56,3.51
93891145Q,10.0,8.24,3.89
82750521V,10.0,6.79,0.67
69693086G,10.0,8.93,7.34
24874419B,0.0,5.75,7.3
43515055K,10.0,6.37,1.43
08255334J,1.98,6.38,6.29
66075342E,10.0,7.19,6.18
15265794G,8.91,7.16,3.74
52481693V,7.46,8.39,0.04
82916077L,6.5,8.95,10.0
61725369Q,10.0,5.15,3.45
NH863837,4.01,4.41,6.3
NS250732,6.18,5.87,0.0
43170037A,4.66,7.05,10.0
JT006572,6.23,6.59,6.41
PB958386,1.78,5.78,3.78
FR618773,0.0,7.2,6.12
FI303052,4.0,5.84,1.76
29762264B,5.89,5.7,6.18
ZZ518435,10.0,7.08,10.0
12346110D,7.88,8.42,5.09
00715754V,0.0,6.88,3.25
18055335J,0.78,7.26,3.84
IG939478,10.0,7.05,4.88
86175878F,3.91,9.5,5.3
16327102T,9.64,5.54,10.0
64855315F,9.3,6.43,9.33
XP979732,8.08,7.63,2.5
33755953A,5.66,5.54,8.4
22530615E,8.47,6.45,2.12
13337773G,8.94,8.4,10.0
45294937W,10.0,6.58,4.97
09010815J,10.0,7.9,7.13
51959041V,8.89,5.76,5.56
35534862T,4.19,7.85,10.0
GA765288,4.82,5.54,10.0
01434606G,2.21,5.8,1.44
HY955233,3.27,6.62,1.04
16602813X,10.0,5.96,2.59
17499883B,5.69,6.93,7.79
IN936206,7.26,6.79,0.0
68185601P,10.0,8.81,4.53
VU292540,10.0,6.34,10.0
BQ676935,10.0,7.5,2.6
DI593599,10.0,6.87,10.0
KL801268,6.22,5.76,7.37
85166410D,10.0,6.49,7.53
88051193V,9.86,6.11,1.22
54931648N,3.03,7.39,8.47
VG578558,1.07,8.75,4.4
89146961L,6.5,6.77,2.06
VG724687,0.0,6.45,3.3
16949502C,6.42,6.97,8.56
56631069D,9.29,7.43,0.09
88903153B,0.0,6.92,4.45
98117525P,8.53,6.39,4.39
15764054S,10.0,7.03,9.36
24081633N,0.0,7.08,9.66
CC753435,10.0,6.66,8.38
YE883238,7.88,5.18,4.47
PU419089,0.0,5.86,7.97
72547298P,3.19,6.67,6.28
03338901Z,1.98,6.06,8.1
VW465489,1.63,6.34,5.45
PF058585,5.9,6.68,7.72
86212690L,5.21,6.04,10.0
60986177K,9.42,6.51,10.0
LN167284,7.5,7.23,5.82
EF886076,9.23,6.78,6.27
13623700H,7.0,7.3,6.5
KS737158,3.62,8.5,3.83
VS530746,9.14,6.98,1.33
UC957838,0.59,7.79,9.26
SH524292,10.0,7.45,4.88
02900325W,10.0,7.98,9.6
13440591N,4.37,5.28,10.0
GX758949,3.94,5.28,10.0
77977119N,7.42,9.14,3.83
41041233X,1.89,8.12,9.35
57893234A,7.84,6.9,1.01
QD938521,10.0,6.83,6.0
87927014S,10.0,6.51,8.48
88481017V,4.69,5.46,7.63
23094079D,10.0,6.8,9.08
UC905423,10.0,7.07,10.0
39075527E,8.17,6.51,7.86
YX282347,5.34,7.35,4.68
11925238Z,7.29,7.26,4.44
IU136045,8.07,6.16,4.84
89688785D,6.5,5.88,10.0
10988102J,10.0,9.72,8.67
84581997A,7.77,6.8,10.0
27727443T,10.0,7.74,10.0
64420100K,5.97,6.47,0.0
90910322Q,5.29,4.72,9.87
JR137209,9.15,7.08,5.48
65998647D,7.2,7.3,5.76
ES253259,1.41,7.79,3.7
13676965S,3.34,6.81,3.34
66912517C,10.0,7.96,10.0
57871857Q,9.84,8.17,0.0
JW202597,10.0,7.07,10.0
81774934K,6.01,7.0,10.0
01611000B,6.72,6.89,7.5
99095531P,10.0,7.3,5.52
52743108Z,10.0,6.02,0.0
YY783940,8.95,7.38,10.0
86131743D,6.08,8.65,5.18
DX073067,4.9,6.94,2.99
32645178J,5.32,6.64,10.0
90092200G,8.65,6.7,5.31
54737601Q,1.5,7.83,1.27
39898205J,5.11,8.24,9.57
IO943627,6.42,7.32,1.33
86386662L,3.66,8.29,2.66
65415762J,10.0,7.5,0.79
81400156M,6.89,7.47,10.0
07105629D,6.43,7.34,3.05
89314477A,0.0,8.1,10.0
46852244W,10.0,8.87,1.03
AM401810,10.0,6.57,10.0
ZZ012404,10.0,6.79,10.0
48121949S,3.97,7.92,7.57
97947482G,10.0,6.84,8.7
QF206475,4.21,7.24,0.0
53820210A,10.0,8.26,5.42
72958914Q,10.0,6.84,4.06
95451828B,4.63,6.06,2.97
EL774560,10.0,8.66,3.47
68185601P,10.0,9.08,0.0
19606988V,10.0,5.93,6.69
46403872S,10.0,6.16,10.0
03024830P,7.77,7.11,7.17
OV753148,10.0,5.66,2.42
OH260383,7.98,5.17,7.24
UX623617,2.97,7.71,8.28
20778597Y,10.0,6.75,5.73
91066165B,4.04,7.34,0.0
CR984291,6.97,6.78,2.15
70451272H,4.81,6.26,1.06
DK289740,2.21,6.09,0.0
50151203W,8.18,7.62,6.17
12346110D,6.58,7.22,6.04
39365046V,10.0,7.65,7.26
MO148976,9.47,6.51,0.0
00274932J,0.0,5.94,5.84
86964019F,6.64,7.06,7.18
74667741N,7.41,7.71,7.08
75722842B,9.71,6.67,10.0
28493223H,8.31,7.78,2.98
26508661B,10.0,7.03,0.83
XH592930,3.78,6.63,5.34
11734615S,10.0,6.67,4.33
60453947B,5.59,7.84,0.33
30455424C,4.25,7.74,5.72
86987555Z,6.1,8.35,10.0
43402668N,3.09,7.85,4.78
OV584544,10.0,8.17,7.19
EJ698459,10.0,6.7,4.66
JY971682,5.55,6.96,3.17
54737601Q,10.0,7.82,6.54
IH662727,10.0,6.33,5.27
91083849P,7.18,6.05,10.0
26508661B,10.0,7.36,7.43
54329284H,10.0,6.52,7.23
71125578X,7.27,6.46,10.0
10988102J,7.45,7.36,10.0
91977717G,10.0,7.52,10.0
CR881407,7.02,7.69,6.31
49129916F,10.0,6.38,6.81
17850443M,0.0,7.06,4.16
02175691Y,5.49,6.02,4.91
49871062R,10.0,7.39,9.02
58868029N,6.83,7.82,5.37
72598365S,9.07,6.43,10.0
94476387T,10.0,8.52,3.55
00374928M,7.37,7.17,10.0
56981731J,8.64,6.56,10.0
51291292G,4.65,6.0,8.28
EY866892,0.54,7.07,6.18
00819178X,4.57,6.85,1.38
19499597J,0.0,6.69,1.97
24081633N,10.0,6.84,0.0
96216670B,0.0,8.37,5.95
21472168N,5.12,7.53,3.71
47471971V,4.74,8.51,9.86
89281686X,10.0,7.65,2.83
02806043C,8.85,7.29,4.78
FB101729,4.05,5.01,6.41
54544330Z,9.78,8.84,10.0
23814948N,8.61,8.34,9.44
52818082P,2.37,9.0,7.33
58174514Q,6.36,6.33,9.92
88367405W,10.0,5.77,3.85
88143157G,6.37,6.4,10.0
65545169E,10.0,8.86,0.0
DY348889,0.27,5.63,0.99
RP335753,0.88,7.41,2.26
20307267S,6.97,8.07,5.71
49512547X,2.44,5.23,2.74
82114863X,2.61,7.13,10.0
98099662Q,7.45,5.23,0.0
TB635160,1.79,7.38,5.11
24720006C,6.76,8.81,3.8
78564787F,10.0,6.95,2.96
99634400X,10.0,6.92,8.9
29891524B,9.84,5.78,5.51
08820079Q,5.6,6.23,3.81
51825831T,1.29,6.92,3.17
IX294201,9.58,5.79,8.6
43398767K,5.07,7.84,4.09
43297077Z,5.1,7.18,4.61
52543149V,10.0,5.11,10.0
HM510697,7.56,8.1,6.09
HK976372,3.4,5.39,6.05
30656098L,4.27,6.95,6.35
69147011H,0.0,7.23,4.72
70104658Z,0.0,6.14,7.54
JF916154,7.77,6.77,0.0
32354102W,4.93,7.64,1.97
53147243Q,8.08,7.26,8.35
80373433W,9.74,7.76,6.81
37490555A,6.64,7.25,5.23
90645557G,7.3,5.79,6.71
29319935H,0.0,7.98,9.86
RB135242,7.73,6.85,2.87
EC502808,10.0,6.45,7.76
GS713226,1.44,6.15,4.34
82528970W,6.07,8.29,10.0
38784626W,1.36,7.61,1.42
56133775K,6.8,7.89,1.14
72551894G,3.68,7.44,6.8
04905105X,10.0,6.01,8.67
90230298X,0.33,6.53,1.49
36622875K,6.92,6.62,10.0
48119386M,8.01,5.83,3.58
03165618J,1.45,7.08,1.91
HQ656560,0.69,6.28,3.83
65108102R,10.0,8.77,2.56
58461198M,2.94,6.14,4.45
36695486K,5.54,6.2,3.95
69991983Q,0.0,6.6,2.61
77599961P,10.0,6.44,4.97
14651114E,1.11,5.82,2.41
35960852F,10.0,5.53,4.67
NX379438,3.22,6.22,3.45
TE326223,10.0,7.84,10.0
PD635857,4.35,7.19,2.71
GJ748221,6.94,6.61,4.69
YS017354,10.0,6.55,7.33
FN157294,1.84,7.04,0.42
47347994X,8.05,5.13,7.24
46927945X,1.57,6.26,10.0
64777218H,10.0,7.5,5.91
AQ911656,10.0,7.32,6.2
05338725B,10.0,5.87,0.0
04883371B,10.0,7.08,9.13
SN474907,2.31,8.67,10.0
49207912X,4.66,6.35,10.0
43479314E,7.18,8.23,4.78
52675326J,10.0,8.05,3.97
69489524S,1.61,7.27,5.12
00729329E,10.0,5.02,4.7
QZ749066,8.75,8.81,6.67
00720996S,10.0,8.34,9.73
PA708641,3.81,7.96,10.0
73283923N,10.0,6.57,6.84
05396315D,8.22,5.86,0.0
78305681L,7.41,6.39,6.32
FO246215,8.8,8.28,5.29
81185987N,8.68,5.29,9.66
09005622H,0.65,6.19,9.4
04941929B,9.4,5.14,6.31
MC471327,7.01,6.62,3.18
56981731J,5.94,6.74,9.09
OQ607875,7.91,6.13,4.93
OU623524,10.0,6.41,5.23
00679475D,10.0,6.65,6.92
28397226T,8.59,8.14,5.06
34635970V,10.0,6.64,6.47
72344149H,6.55,7.68,4.07
69639843Y,7.51,6.16,3.49
14180648K,1.07,4.84,4.03
VY482688,10.0,5.56,0.0
VQ089288,10.0,6.03,7.48
AO707386,9.09,6.31,4.02
21472168N,10.0,6.03,10.0
83667900H,10.0,6.56,1.69
ZC021068,6.56,7.53,10.0
MY142580,10.0,7.19,4.54
38314152Q,10.0,7.03,9.66
22780606A,10.0,6.86,7.93
UE585232,10.0,7.41,6.23
FO975488,10.0,8.43,10.0
11128719P,5.23,5.23,8.63
97768451M,10.0,7.84,10.0
JL328698,0.0,6.56,10.0
CI080658,8.87,8.71,7.6
KU624943,0.27,7.22,3.49
65268454C,10.0,7.69,6.6
03189912L,7.78,6.43,10.0
YI732633,5.25,5.23,5.77
EG295647,5.07,5.72,3.46
MI145729,7.15,7.96,6.9
85994368J,6.18,8.08,9.09
91109039J,10.0,7.87,7.87
17062462G,0.0,6.72,2.5
26824197X,0.97,6.64,2.55
90415799Q,10.0,8.51,4.54
HN961177,5.99,7.5,2.59
54653394N,5.93,6.25,7.12
65704991V,7.93,5.94,5.47
GO576698,10.0,7.29,9.0
98267311H,8.74,6.82,0.0
42063743D,5.99,6.45,5.02
KE023010,0.08,6.11,6.53
81953844Z,2.36,8.41,6.49
37853103W,10.0,6.25,4.92
03116487X,9.26,5.83,5.09
94429141L,8.18,9.5,2.63
84343154S,10.0,8.21,0.0
YX282347,1.99,6.2,5.48
16738115A,10.0,5.8,7.07
PT712839,8.39,5.15,5.93
XS527534,3.57,7.81,0.0
90861047F,10.0,6.1,4.93
60161477D,0.0,7.97,8.83
DU370416,10.0,8.77,5.24
32985070B,8.03,7.75,6.02
98236237V,10.0,7.43,6.16
99935168F,10.0,7.34,6.45
OG545847,2.72,6.18,4.23
DJ098569,3.31,8.69,5.89
IN456049,4.94,7.14,3.7
59240629N,9.25,6.25,2.23
74797597X,5.6,6.22,3.06
58711385K,9.93,6.66,6.72
DP881019,2.86,8.02,9.5
32985070B,0.87,6.23,5.61
HC280737,10.0,6.99,10.0
64011401D,5.73,8.36,3.09
75437000J,7.73,6.41,5.27
54845446Z,7.74,6.78,6.6
QF206475,9.03,6.7,8.79
72958914Q,4.62,7.68,5.07
16302498Y,5.32,6.75,7.88
YC576945,6.13,5.55,10.0
LN484775,5.17,6.57,0.0
47617436F,3.85,5.89,10.0
MW177757,4.92,7.14,10.0
71264465T,10.0,8.96,8.94
JG333743,2.23,7.68,0.77
75754494S,9.62,7.7,7.94
39561096S,7.19,6.0,9.89
12556276R,10.0,8.87,1.61
53209094C,8.85,7.36,5.57
92885554P,2.86,8.63,9.89
AH015263,0.0,6.15,1.29
RA565870,10.0,7.48,2.92
62154042S,10.0,5.11,10.0
09156368E,5.75,6.98,4.36
85166410D,7.38,8.86,0.0
71477608W,4.62,9.09,3.32
98470408W,0.0,8.11,2.35
IX294201,0.0,7.23,3.07
HZ307505,2.3,6.31,9.76
ZD349780,4.09,6.9,6.96
36041364L,4.73,7.78,4.01
19877419Z,7.38,7.24,8.06
95398785Y,10.0,5.88,0.61
60396184R,10.0,6.56,1.98
89431310L,3.92,7.92,0.0
74315883P,0.16,6.21,10.0
CK662178,10.0,6.75,2.66
OB157904,6.25,6.13,7.93
51959041V,10.0,6.45,4.56
MW677299,10.0,7.46,1.98
27609786B,10.0,7.64,2.61
98204908Z,7.11,6.26,10.0
81886161C,10.0,5.26,3.8
16173492F,0.0,6.91,7.38
UM099880,6.41,6.93,0.0
PW257739,8.89,7.99,10.0
34340638M,10.0,7.74,4.11
88460699P,3.96,6.73,0.0
19785487J,10.0,6.26,4.56
04221448M,4.25,8.59,0.0
HD723509,1.78,5.84,3.63
22629535L,0.0,6.6,4.12
30683039G,8.66,7.2,5.92
07848427E,10.0,8.25,8.83
68613106N,9.63,6.78,7.54
44123189N,9.02,7.17,3.86
48511513M,6.38,6.14,10.0
CR126619,5.99,8.15,0.0
79236233Z,9.34,7.11,10.0
AE972859,1.11,7.39,7.69
93786580D,10.0,7.8,1.92
76522592M,10.0,4.95,4.43
84107264J,10.0,6.6,9.98
AO831929,6.64,6.77,8.59
19157184R,2.73,6.47,0.0
DW877694,4.91,6.54,7.07
17189521B,4.09,4.97,10.0
51275850H,4.77,7.97,3.44
15407980G,10.0,7.15,8.63
XS915938,0.0,6.16,6.54
JR137209,8.12,7.18,1.69
58703850F,4.84,6.78,5.48
74431388F,5.93,6.68,1.93
91459659K,10.0,6.04,7.91
SY166525,0.0,6.34,6.47
48217963G,1.41,6.36,3.07
32484548S,10.0,6.93,1.7
01314418Z,0.0,6.11,10.0
61834477N,2.24,4.33,10.0
64479129D,6.83,7.43,0.61
57252717J,5.89,6.58,9.17
40480054P,4.87,8.19,9.34
90977890X,3.67,8.91,10.0
AK873392,0.0,6.82,5.93
86813590K,5.12,6.26,10.0
WO365339,7.24,6.47,5.32
UM595870,3.1,8.31,2.56
82222310R,10.0,7.91,8.26
38916442M,3.53,6.11,10.0
20928625M,10.0,7.06,6.02
12253260X,10.0,7.91,6.3
75290898F,5.85,6.7,0.36
OP860186,10.0,8.3,0.0
YC487623,8.66,5.12,10.0
26650047Q,10.0,6.56,8.7
09929588M,6.01,7.73,5.15
74745155P,8.36,7.89,6.81
56449794C,2.37,7.35,5.63
24696663E,6.42,7.68,3.25
24874419B,0.0,6.92,10.0
58911606G,10.0,7.95,10.0
BM881512,10.0,8.11,2.85
RV430219,8.97,7.78,7.61
94345013W,9.39,6.24,10.0
36324716B,6.6,5.01,7.73
98453116Y,3.9,8.2,1.79
TY173715,2.62,6.5,0.0
22071389Z,0.0,7.64,5.56
04297968G,8.88,8.63,7.28
67846700N,9.81,7.68,10.0
93473566W,2.53,6.42,0.0
XS915938,9.19,6.7,6.4
UN188795,6.57,5.59,0.0
MD454406,5.99,6.09,5.9
IY170675,6.74,7.76,3.08
23030498T,7.07,7.41,5.47
92502255G,7.64,7.67,10.0
VW052148,10.0,7.0,3.05
61634116G,3.26,8.22,7.82
23037407D,10.0,7.15,6.86
22110876X,10.0,5.89,8.49
EN049278,0.0,7.24,0.0
FY039593,7.84,8.63,2.07
WC570215,10.0,5.36,10.0
MR208658,0.0,7.39,5.7
59341448E,2.34,7.29,0.0
41831671F,10.0,7.76,7.86
16764036A,10.0,8.18,8.79
76844607C,0.0,7.34,10.0
52675326J,4.68,8.08,1.85
74338359J,10.0,7.37,0.0
68926347Q,3.73,7.48,7.95
20148426N,3.06,6.88,8.14
XQ680437,10.0,7.73,10.0
78904581E,10.0,7.37,2.46
40023735D,7.48,6.35,3.78
85640668F,7.99,7.6,8.51
46620056E,6.84,6.88,3.84
JE037185,10.0,5.84,10.0
25696671J,5.09,6.93,8.54
36041974P,6.52,5.74,10.0
RZ938939,4.59,5.54,8.35
NC422729,10.0,7.09,0.75
51825831T,3.23,6.39,4.54
08820079Q,6.7,6.31,6.29
TU291548,10.0,7.48,3.72
46684559X,10.0,7.14,5.64
72958914Q,10.0,7.21,2.24
24976738A,9.93,6.91,0.0
35130490Z,0.0,6.16,8.4
28815351P,7.5,7.47,10.0
87045472V,10.0,7.67,0.0
19612946H,10.0,7.86,3.69
33226298S,6.82,5.12,8.53
FJ898052,9.65,7.78,9.17
53147243Q,7.91,6.83,7.47
29998186E,0.31,6.36,10.0
29127667F,8.01,7.2,2.11
68499030Q,0.3,8.49,10.0
70254521D,4.88,7.58,1.39
TK135122,10.0,6.78,4.42
JD427011,10.0,5.66,9.09
14560995V,10.0,6.34,3.41
BX157599,0.0,5.83,10.0
86933167K,8.44,7.77,7.44
88871697L,5.89,7.33,9.98
97455763W,9.46,8.2,0.52
AS414493,6.81,6.92,7.14
DU069546,10.0,8.04,0.0
66261955J,10.0,6.35,0.58
31904268W,6.43,7.74,8.12
00670053V,10.0,6.47,7.6
47461605R,10.0,7.45,6.38
48870390J,2.44,5.96,3.37
GQ796592,3.53,6.37,8.42
13087132V,1.0,5.46,4.94
WF278832,1.86,7.0,8.6
JQ889713,3.01,7.8,3.98
TX136033,10.0,8.39,6.48
VB087585,6.84,6.8,5.23
77911877K,7.54,8.96,0.14
03936931K,3.92,6.97,3.6
99364641H,3.98,5.83,4.51
39075527E,7.91,6.11,10.0
16738115A,5.14,7.68,1.36
DY348889,10.0,7.68,9.42
24466338L,10.0,6.64,1.98
60177118X,0.0,7.75,6.86
BL094500,3.74,6.53,10.0
39057545A,4.81,8.29,6.13
NP808886,7.14,7.28,10.0
UE611302,6.78,6.77,8.67
TD609133,7.58,7.33,0.95
96506794J,4.03,6.62,10.0
15793950B,3.22,6.51,7.16
11423163Y,8.27,7.02,10.0
55115811Z,10.0,7.11,6.92
32297939M,1.58,8.4,5.74
70272612E,9.1,5.96,7.17
ID378045,8.14,6.85,9.42
54283844A,4.27,8.33,0.0
28918010H,9.78,5.92,7.29
25469019S,10.0,6.98,3.6
24302965S,6.27,7.6,8.7
85209359V,5.16,7.19,8.76
SZ010316,2.72,7.9,1.51
78305681L,1.99,5.81,2.48
45635555J,4.2,8.56,7.37
31071020K,9.18,7.29,5.73
59034954A,10.0,6.07,2.32
01387194H,0.0,4.83,4.48
91066165B,4.87,6.82,8.13
16253260B,10.0,7.98,8.93
71401239Q,0.0,6.51,4.55
05814707P,0.79,7.47,7.37
87047509F,4.39,5.55,10.0
HX104520,10.0,7.99,0.0
07688947R,10.0,8.2,10.0
FL670901,10.0,7.55,3.23
KB757134,5.77,7.18,10.0
32641572H,10.0,7.75,4.19
61928403Y,10.0,8.15,7.79
IM372645,5.53,6.73,10.0
66279356A,7.4,6.25,4.79
64000522D,4.25,5.61,5.46
47511298Z,9.98,6.78,8.22
51688338R,1.38,8.47,2.4
XV807939,9.91,6.47,8.04
87774557W,3.34,7.81,7.84
15783332L,10.0,6.07,5.78
ES865459,5.07,7.11,10.0
MT489933,10.0,5.63,7.9
51157740J,9.44,7.71,0.0
91812251T,6.96,7.64,4.6
KI931709,8.49,6.53,3.72
53279047F,7.56,6.9,4.15
54329284H,3.62,6.87,6.46
75722842B,0.0,6.45,3.32
68896774K,10.0,8.54,10.0
09600517H,3.39,6.83,7.69
42708247F,7.71,8.78,6.26
71771508P,10.0,6.42,7.49
PX140582,0.83,7.94,4.34
97437317W,9.74,6.6,4.94
83571554L,10.0,6.47,9.65
19834523J,3.89,6.74,10.0
KG688408,4.66,8.42,8.73
66273186C,3.89,9.57,9.53
UW104489,10.0,8.1,3.27
47162375R,10.0,7.7,0.66
88283173L,10.0,5.95,5.48
MP437241,5.97,7.14,10.0
66140294E,10.0,7.33,1.35
OS344765,10.0,9.16,6.36
OY726518,5.55,6.98,7.53
28958858H,10.0,6.24,0.0
JQ889713,9.87,5.12,10.0
88291654J,10.0,3.53,1.79
74023424V,10.0,8.52,6.93
29618086C,4.33,6.55,5.94
69843104Q,6.26,6.58,2.53
VW526306,5.72,8.37,10.0
HY507715,2.04,8.92,7.91
40431986X,6.1,7.18,6.24
74266274X,2.57,6.52,7.41
67509503H,7.54,7.16,0.0
FQ137104,5.71,6.29,4.33
26298106K,10.0,6.21,9.91
40413526L,10.0,6.84,6.43
EL619763,10.0,4.82,8.59
DH087364,7.47,5.1,8.74
81757869E,10.0,8.23,3.82
JA904483,10.0,6.97,4.85
77088950B,1.57,6.42,4.96
ED967397,0.5,6.44,10.0
DP455605,8.56,6.42,9.45
04968101D,8.76,6.53,5.28
IJ185445,0.0,7.69,5.9
IO943627,1.07,5.92,9.76
QG586193,10.0,7.61,0.0
EN619390,2.06,6.92,3.79
52289846J,8.47,7.28,8.0
14354926M,10.0,5.93,0.26
53509994B,7.68,4.47,7.63
10473309Y,9.92,6.23,3.64
47564163W,3.68,7.79,8.46
JI761729,6.85,7.3,7.08
RZ813798,0.02,3.65,0.88
47471971V,10.0,7.33,2.4
21977857T,9.3,6.38,2.4
YI498909,8.67,7.89,5.71
15376145R,10.0,5.76,8.99
71681928J,2.96,7.29,10.0
SC824803,10.0,6.21,4.24
KF114012,6.11,6.81,10.0
05063327S,10.0,6.3,2.29
KP498774,10.0,7.76,8.87
39389708T,0.81,7.38,9.18
98664559X,9.59,6.91,4.71
65479557Y,10.0,6.46,5.76
PO368841,0.3,7.37,4.55
04476824N,10.0,7.35,3.19
34529768Y,5.0,6.16,2.29
64511948F,4.13,7.13,3.04
78537168B,5.73,8.11,1.7
29891524B,10.0,6.31,10.0
XG248323,9.03,6.34,10.0
10988102J,0.2,6.54,7.78
78501327G,4.77,6.03,0.2
AW021244,6.08,6.98,4.99
34172978S,4.11,6.59,0.01
62681422M,10.0,6.95,10.0
PO368841,10.0,7.14,9.31
05298780V,1.69,7.79,9.3
66790555G,5.85,9.88,10.0
41403164J,0.0,7.51,3.7
YI498909,10.0,6.31,9.66
88592725Z,3.87,7.12,10.0
68499030Q,7.61,6.66,8.25
43872224T,0.0,7.93,2.52
05940300K,6.91,5.69,8.25
UM595870,9.17,7.7,8.21
85166410D,5.47,9.18,9.39
NH600068,3.98,6.47,0.0
WR795110,0.0,6.4,4.3
02453626D,4.66,6.55,8.7
24574100A,10.0,7.42,7.08
25881196D,4.35,6.94,5.25
56490249H,0.0,6.63,5.53
ZB115165,10.0,7.31,4.84
YS015954,0.0,5.7,9.46
36135676P,7.03,6.99,6.87
JA904483,0.0,7.96,8.3
33765475A,4.67,8.5,0.0
34001495C,10.0,6.54,0.0
30135328S,10.0,7.67,6.26
PJ164113,7.2,4.49,10.0
13712200Z,7.76,7.2,10.0
08331853B,7.72,7.84,4.57
53850576D,10.0,7.08,8.39
XP979732,7.84,7.52,6.25
78188407E,4.05,7.28,10.0
89343958K,6.75,6.39,8.58
78226538L,7.81,7.38,5.33
LE383954,10.0,4.89,10.0
XD628452,10.0,6.05,1.94
HU585060,9.74,7.45,2.34
MR070455,1.02,6.52,10.0
22132406N,4.84,6.94,6.4
66153506D,2.3,8.54,0.44
38830221B,7.66,5.47,5.64
46926707Z,5.91,6.17,10.0
06186629C,2.72,6.46,10.0
WS252089,0.12,7.59,1.01
79864125Y,7.1,5.75,10.0
QD742327,7.62,9.09,4.1
54737601Q,10.0,5.4,10.0
89747880V,5.43,6.62,3.8
MT489933,6.15,8.02,10.0
89862300N,7.36,7.92,7.55
NC872548,10.0,7.38,9.46
71477608W,1.64,7.04,10.0
07950859N,10.0,7.61,2.46
HM510697,8.42,5.98,5.32
47511298Z,9.6,5.84,0.65
XZ537998,6.48,5.42,4.27
52637446Z,1.75,6.26,0.17
14016021M,0.0,6.92,0.0
36498119V,5.32,7.38,4.0
09369894Q,10.0,8.02,3.63
OB152691,3.81,7.52,10.0
VY482688,10.0,7.52,7.05
98596764L,3.73,7.38,3.34
79945040F,0.0,6.76,6.95
LD582602,0.0,6.52,0.0
79142303Q,4.03,7.54,5.58
28099202X,4.42,6.39,5.58
75346088C,0.0,6.66,0.0
ZY339935,10.0,7.15,9.26
11270288N,2.24,6.24,6.31
26110500A,10.0,6.54,3.64
09444813R,6.84,5.8,3.95
95253683B,0.0,6.18,6.87
16614610P,7.68,6.87,7.92
44258290B,10.0,8.53,10.0
41403164J,7.55,7.45,4.99
NX353831,0.0,5.44,8.74
XE110895,2.02,5.92,7.89
90001974F,10.0,6.4,5.5
69253601A,0.0,8.57,10.0
84772644A,2.19,8.25,5.21
90226971H,10.0,7.66,10.0
14121957A,7.96,6.76,1.44
40128299S,5.93,6.88,4.25
WA067709,10.0,6.46,5.95
05262939X,4.01,4.28,3.92
00881423V,0.0,9.61,7.13
44723907Q,4.53,6.24,5.97
XC547741,2.96,6.99,5.88
ED967397,5.19,7.97,10.0
90271546L,0.0,6.61,9.87
54441541N,10.0,4.81,1.64
76699204T,3.45,7.19,5.08
CM808730,7.23,7.62,6.44
NV653218,0.0,5.89,0.99
38087347Z,0.17,7.07,7.28
19544726Q,10.0,6.12,3.42
93477597P,10.0,7.98,3.41
68513157K,7.45,7.97,10.0
XK927468,0.18,6.62,10.0
VY482688,3.43,7.0,8.01
ZF739460,7.61,5.42,7.93
59779837P,0.91,7.1,7.45
ZS105146,10.0,8.23,2.46
91766984C,10.0,5.85,1.89
PN107892,10.0,7.19,0.0
32399537N,9.96,6.47,6.37
MF420102,3.31,7.02,2.29
40116519B,10.0,7.39,4.91
74735208C,5.33,6.16,7.22
80146544P,10.0,6.7,9.21
MR949121,10.0,7.69,4.04
85585056D,0.0,7.76,5.44
68177109A,10.0,6.27,4.86
VF459556,10.0,7.43,1.28
EN452246,0.0,6.86,1.35
29697221N,4.48,6.9,3.57
96540100S,9.75,7.39,5.78
77961525N,9.64,8.26,9.2
72251760C,3.76,7.47,3.05
50361622V,9.91,6.26,10.0
QK339036,4.99,7.04,3.38
NR796171,9.34,7.5,5.82
53285389R,4.68,6.93,7.9
05415598H,10.0,7.58,10.0
68723508Z,3.86,6.57,3.51
57465157W,7.1,7.15,6.44
01831348L,2.54,7.12,5.44
19054470M,5.2,6.85,3.25
69622152W,8.91,6.15,8.53
02453626D,5.97,6.91,8.36
MT163301,0.0,7.07,10.0
BK863896,9.37,8.08,7.83
05909852W,10.0,6.06,0.0
73706845X,9.37,7.74,3.57
67484227L,0.0,6.39,8.35
EG947072,10.0,5.31,5.44
54987384L,1.88,8.57,3.28
62716554Q,10.0,6.66,1.38
90415799Q,10.0,5.96,6.97
76324662J,1.9,6.51,4.35
32519106G,0.0,7.38,5.71
42330345H,2.63,5.53,6.48
WZ028533,7.01,7.16,3.63
IO943627,7.55,6.49,7.23
53475577W,10.0,8.46,5.13
27910695B,10.0,6.31,8.87
93153234Z,7.08,9.09,3.79
47974053D,0.0,8.25,10.0
97970517Q,5.8,6.57,5.9
92154381M,5.12,7.21,9.09
32381192K,1.27,4.49,4.26
83511421P,5.85,6.82,10.0
II146466,8.45,5.8,3.9
FW790650,3.4,8.33,3.05
51048342A,10.0,4.81,4.57
YM384918,3.34,5.61,10.0
OK519288,6.79,7.08,6.92
59034954A,10.0,6.78,6.69
37693674D,1.41,6.23,6.62
29856521Z,4.03,7.16,5.85
31248854L,10.0,6.85,5.19
31898291M,4.91,7.89,8.66
62888267B,10.0,8.4,10.0
35619844C,10.0,5.99,10.0
YD942754,2.43,5.16,6.29
XZ444877,4.51,8.37,4.13
55491190X,4.84,6.68,0.0
75357222E,2.43,8.0,7.93
70351192B,2.45,5.99,5.43
83511421P,8.08,5.66,6.25
95389271Z,7.89,7.04,1.15
69839238Z,9.86,8.66,9.58
45379803K,5.23,8.45,1.25
84083459J,2.82,6.3,3.24
33755953A,9.88,6.9,3.92
VJ141698,10.0,6.41,1.56
07865791K,0.0,5.77,3.38
54066542M,7.21,6.8,5.06
CR126619,1.2,7.03,10.0
FA165035,10.0,8.28,6.93
XU733434,8.48,5.37,2.18
LK535842,9.72,7.63,4.25
RI560967,5.38,5.56,0.0
63119200R,6.11,8.51,3.3
24349520H,10.0,6.55,2.25
38865630T,10.0,8.01,4.96
UA597347,3.34,6.92,6.93
28918010H,8.51,9.72,10.0
LW117893,10.0,5.34,9.4
BX667887,5.01,8.29,10.0
51518832M,6.18,7.28,4.16
IY658991,10.0,6.79,9.06
33079398Q,2.67,6.69,10.0
27053741Z,10.0,7.87,10.0
NR796171,3.67,8.68,4.18
84354043W,4.43,7.31,10.0
56340197H,10.0,6.62,2.76
65164135Y,8.2,8.25,10.0
64420100K,1.82,6.55,7.35
13526379X,9.59,6.15,5.39
VC356767,4.99,7.63,4.99
KA683261,9.69,7.79,1.4
29202785F,7.08,6.34,8.55
19891479K,10.0,5.21,2.59
33916536T,3.75,7.48,10.0
19300816K,5.53,6.49,5.78
LP515514,0.0,7.16,5.52
AI518759,8.06,7.18,2.25
16011281S,6.68,7.15,9.34
47168382M,10.0,7.93,7.17
54464787M,7.81,7.27,6.6
24574100A,9.87,7.58,2.34
KO314680,5.46,7.81,6.19
45392279P,8.58,6.5,6.16
77754251Z,0.0,7.77,10.0
41919723S,10.0,8.36,3.92
36253943D,6.28,6.49,1.37
FL670901,9.83,5.35,9.0
59907171Z,7.88,7.66,0.38
52371705S,9.41,6.24,7.54
AS589706,10.0,5.85,0.06
24535582X,7.26,8.52,0.0
55705265R,8.73,6.24,4.58
71827680Z,10.0,7.41,10.0
85705407R,3.02,7.07,7.22
78924671X,4.24,6.86,0.0
RS711783,10.0,4.43,7.18
93680630C,8.91,7.42,6.12
TW525181,9.4,6.36,3.87
UC905423,0.0,6.98,10.0
08676308H,0.11,6.88,3.73
96336882W,0.64,8.24,10.0
00670053V,6.96,8.64,2.04
FI202629,6.39,6.35,8.84
02664487Y,10.0,8.39,10.0
07365445V,9.4,7.31,9.26
13701006K,5.43,6.35,4.29
24531060L,7.53,7.9,6.51
80975470Z,1.25,8.74,10.0
64479129D,7.52,8.69,2.41
33119321B,10.0,7.0,10.0
10800136A,10.0,7.18,10.0
XC195469,9.84,7.89,0.0
EJ698459,10.0,7.91,8.08
03189912L,8.3,6.09,5.22
75612999Q,0.0,8.59,6.91
63940379B,9.9,7.27,2.79
KO445322,4.27,7.15,6.04
IZ930331,5.8,7.84,10.0
50016482S,10.0,6.36,5.05
RG586098,6.67,6.15,8.17
70351192B,5.43,6.18,3.67
MW369927,10.0,6.13,7.35
45496387H,7.31,6.84,0.0
24529758M,9.14,8.16,3.83
EF571281,10.0,6.95,5.57
59384293H,8.62,6.89,3.19
28898237W,8.09,8.18,5.82
21880429T,6.3,6.49,6.58
12514979N,5.69,8.02,3.83
19403074K,7.26,6.62,4.73
ZA236355,8.43,5.48,1.46
93055412B,6.59,5.78,10.0
65002843J,1.69,7.73,3.77
31793764J,10.0,7.65,7.67
OY200999,10.0,7.47,4.86
ON415001,8.98,7.08,8.53
KA049844,7.02,6.29,6.61
CP430322,10.0,6.3,10.0
70445469B,7.35,6.79,5.57
29957384E,10.0,7.43,7.21
BC827544,8.54,6.83,10.0
MD454406,10.0,7.96,10.0
81774934K,2.14,7.85,3.23
NJ797228,0.06,7.01,10.0
79557788Y,10.0,7.78,2.23
01377440Q,7.96,5.69,10.0
ES865459,3.7,6.38,0.61
47745799F,3.6,7.12,9.07
08113760G,6.66,7.87,4.5
97055457B,3.12,6.56,5.13
58070113N,7.3,6.18,8.35
IO567004,10.0,8.71,0.0
08699782D,2.41,6.01,0.0
89849921F,0.0,6.72,0.0
HM510697,0.0,7.87,7.5
93277503Z,6.84,6.33,7.86
UB786173,6.02,9.0,8.05
86467334F,7.6,7.22,8.15
00274932J,8.69,7.03,8.5
28633743P,4.58,6.95,0.25
22605505R,4.42,7.67,0.0
01174239C,0.0,6.21,4.74
21251304V,9.52,7.16,7.29
24447798V,1.15,7.57,5.42
CV421951,7.32,5.31,5.72
73472966H,8.34,9.34,8.08
62906283H,5.64,7.56,10.0
47769444P,10.0,7.21,7.6
59856463K,10.0,6.15,2.54
PQ173270,0.44,6.24,4.49
08529410K,4.89,6.74,4.18
22729576X,0.66,5.7,0.62
40440750B,8.82,8.23,7.83
67982733T,10.0,7.06,4.64
88046468F,5.42,8.34,8.4
97896486E,10.0,8.54,10.0
VI229362,10.0,7.96,0.0
OL692367,6.99,6.72,1.38
28028724G,7.83,7.5,3.36
72551894G,10.0,7.12,6.5
56534117W,7.81,6.92,7.01
37234449W,10.0,7.59,8.11
41895195M,6.14,6.63,10.0
HT848049,9.78,6.42,9.52
LC239050,5.68,6.93,8.98
57569589Z,8.91,6.32,9.79
81290163K,0.0,7.26,10.0
97066349R,3.28,7.16,2.86
46391995Y,0.0,7.07,3.52
19203545V,0.0,8.83,3.49
45524745V,0.06,6.21,10.0
VF228013,0.0,8.0,8.77
47397203E,8.89,7.39,6.15
56453016E,8.36,6.86,7.73
QN256146,0.77,6.58,10.0
35175083X,8.06,7.5,6.84
05436689H,8.14,7.24,1.78
SQ533029,10.0,6.33,1.91
64479129D,3.19,6.68,7.67
95084699P,3.57,6.9,6.43
30318024E,6.43,6.79,3.11
99505971J,10.0,7.65,2.29
MT074952,9.75,5.98,4.43
NS865476,10.0,6.89,10.0
15237635C,9.33,7.22,4.17
95076623M,5.56,6.41,3.54
29508114B,5.1,5.74,5.13
75870560T,2.98,6.79,3.49
JA904483,8.83,6.34,0.0
69252198A,6.96,9.06,4.35
AB440841,2.44,7.56,1.71
52286578B,2.54,7.36,8.42
07645901B,6.03,7.21,10.0
44460150T,3.79,9.23,3.97
11854268E,2.62,6.5,8.64
46217968C,2.33,7.85,2.45
62570534T,10.0,7.67,4.21
90524825E,5.18,7.76,10.0
DZ201766,7.36,6.91,7.9
47831227J,10.0,7.45,3.63
42426114S,10.0,7.59,2.66
YC828015,10.0,8.03,10.0
14651114E,8.59,8.19,7.67
GE301245,2.13,6.56,1.42
IK517267,4.28,8.69,5.45
96193780Y,4.39,8.38,10.0
47503710Q,10.0,6.19,10.0
78554479A,2.11,6.83,9.57
02612969P,3.5,7.84,3.16
AA057069,7.98,7.21,6.92
40956914D,3.11,7.73,6.35
91911802F,3.77,7.38,6.39
KU624943,7.12,6.7,1.29
28243034T,10.0,6.8,7.78
53147243Q,10.0,8.28,5.64
IO307918,10.0,7.64,1.41
36804475J,1.34,5.91,4.17
ML152825,0.27,7.62,6.35
05826153T,10.0,7.12,3.87
49871585H,7.93,7.61,8.0
43925501D,7.45,4.13,4.45
98721952H,1.16,6.54,10.0
74797597X,5.07,5.41,5.74
HJ256409,10.0,8.36,3.32
20232703V,4.0,6.12,0.3
27053741Z,10.0,7.72,9.78
NH600068,10.0,7.77,4.71
78188407E,3.64,6.93,7.73
82909191X,9.19,6.49,7.29
40581190J,10.0,7.25,7.5
94099553K,10.0,7.71,8.71
GC132856,10.0,7.5,10.0
HZ307505,5.13,7.52,7.39
ME522026,6.01,7.95,10.0
64162547E,0.0,8.03,0.27
PJ201281,2.08,6.76,5.9
36771232M,0.0,7.53,10.0
20153283Q,0.9,7.45,8.22
29029128T,6.98,5.93,10.0
41997412X,10.0,7.04,3.45
WC468364,1.96,6.74,1.67
31688842V,2.73,7.48,6.75
08220923X,0.76,6.84,0.92
46612785L,6.94,8.64,7.58
88046468F,3.53,7.57,0.0
29029128T,3.26,7.39,5.75
59095134S,10.0,7.27,2.89
TH013946,1.81,6.95,5.58
14285589J,0.0,7.96,4.64
14622388T,10.0,5.9,2.93
70943663W,10.0,7.31,10.0
AK270249,5.45,7.68,6.22
01141043J,5.26,7.24,3.07
FR180201,10.0,6.52,2.58
15391700P,10.0,7.88,3.02
IQ786501,6.81,7.87,1.86
40662641K,7.12,7.96,3.29
36615462Z,4.08,8.96,10.0
PV131292,2.93,7.71,10.0
OY200999,0.0,6.96,4.41
37136413S,10.0,8.65,7.28
15709660Q,1.19,8.34,3.06
59203415N,10.0,6.52,10.0
62300097C,10.0,6.32,10.0
63244325Y,6.17,8.31,2.82
14085027B,8.15,7.58,6.08
22012073S,3.97,7.18,7.39
AN691879,10.0,6.1,7.27
15143244K,9.01,6.97,6.31
GY916821,5.84,8.65,1.04
60234960F,10.0,6.37,8.07
92154381M,1.25,4.8,5.07
72870514M,6.25,5.8,3.03
86446803S,10.0,4.83,7.63
78920244E,5.97,6.79,4.77
93153234Z,10.0,5.78,2.39
22130856A,7.91,7.87,8.46
70780075J,10.0,5.16,2.59
YE160616,10.0,6.19,6.17
41809505J,6.83,7.15,4.92
26518315M,7.56,7.5,9.32
YH546060,6.28,6.61,5.37
52421266B,0.0,6.91,10.0
11865432P,0.6,6.44,0.55
93153234Z,10.0,7.1,4.89
61469003P,0.0,7.7,10.0
89696056N,10.0,6.62,3.81
HJ548920,7.28,6.81,7.08
67330262Q,0.0,6.94,7.38
08530375C,5.33,6.77,7.97
57644425P,10.0,6.03,5.94
51797629L,10.0,6.21,0.0
79043252A,3.51,7.53,6.89
UM244594,0.0,7.25,10.0
ON415001,10.0,7.33,0.0
04542574M,0.0,8.03,1.71
93999876A,2.26,8.23,4.75
90494699A,6.61,6.66,5.87
BV861518,10.0,8.18,4.89
IO307918,7.53,7.83,6.68
16173492F,5.55,7.05,8.96
79652957R,1.69,7.96,10.0
28817370A,10.0,7.49,4.41
FM488222,4.95,7.59,9.26
29529962D,8.63,7.34,1.31
64328455P,10.0,6.32,5.36
04601119S,10.0,6.94,9.44
27282676F,10.0,7.59,4.02
09912878Q,0.0,5.66,10.0
XH592930,5.55,8.44,9.43
ED308127,10.0,7.39,4.19
51864447E,7.62,4.44,7.41
80227944B,10.0,6.27,6.79
GI801418,0.0,7.84,4.08
79330237V,1.66,7.15,7.35
DR343955,8.82,7.04,10.0
36622875K,5.24,8.95,10.0
04839359K,4.88,8.27,2.92
60300370M,8.14,7.16,6.52
05436689H,1.08,5.9,10.0
BK429360,8.78,7.59,10.0
YL723697,5.25,6.56,5.21
ME445332,8.79,6.6,3.05
34381589Q,0.0,6.97,6.45
PT699560,6.27,7.22,1.0
24609314G,5.8,4.77,7.29
81868783F,9.64,6.5,8.0
19485481L,6.26,7.98,0.57
70245966X,9.66,9.02,3.97
32662232R,8.48,4.66,2.08
10154280X,9.01,7.07,2.09
59575818E,10.0,7.26,4.74
SE563994,9.36,7.69,9.72
83019287M,0.0,6.16,10.0
01905913H,8.47,9.34,3.47
14440233M,6.64,5.99,10.0
VF495221,7.85,6.07,9.81
23549868F,8.64,5.99,10.0
DB400352,6.38,6.27,8.93
76844607C,1.85,7.43,10.0
49111603W,0.0,7.13,10.0
29982963W,10.0,7.47,9.12
31878102X,4.35,6.44,7.62
ZJ373891,6.35,7.0,4.53
44260927A,10.0,6.5,0.87
CX924854,5.95,7.7,6.7
04839359K,4.86,6.99,4.76
45901582E,9.35,7.71,6.29
87842688F,10.0,7.43,8.41
TW845012,7.73,6.91,4.17
47059576N,3.78,7.48,1.06
21600507B,5.27,7.5,7.78
37553756T,2.92,6.99,10.0
14343107P,10.0,8.36,9.65
UC825214,6.66,7.42,10.0
GX758949,9.34,5.54,0.0
12544303B,10.0,7.56,6.66
MU455140,3.8,6.82,5.51
AK038551,10.0,6.15,5.04
35751747H,10.0,5.49,8.96
35133619S,5.48,6.08,4.34
66273186C,10.0,7.63,8.41
16803202T,1.37,8.21,3.2
67495132E,10.0,6.9,5.31
48234752A,7.82,6.99,1.36
05814707P,2.54,5.72,10.0
SY166525,10.0,6.29,9.0
13922635E,9.0,6.39,10.0
84653126Q,7.11,8.17,10.0
EB041069,4.52,6.4,0.76
69158862R,0.0,7.47,7.55
09156368E,7.19,4.91,0.3
48264607G,5.33,7.37,8.98
83611774N,2.23,8.01,1.82
78814648L,3.62,8.11,5.78
93768719L,6.23,8.65,3.88
KY198419,0.0,8.16,7.97
57991814M,8.2,6.03,8.43
DO642721,6.93,7.58,1.2
ZF137862,5.34,7.47,7.27
41403164J,0.64,5.58,5.31
77088950B,10.0,5.8,5.42
OW368143,1.75,8.51,9.54
01864736B,0.0,8.47,4.37
KB757134,9.44,5.59,9.23
51959041V,8.44,5.63,1.54
LK331863,10.0,7.85,2.06
30643634K,9.61,6.82,5.06
QX001260,3.61,8.05,0.0
FM488222,10.0,6.22,9.83
19964352F,10.0,5.67,0.0
32519106G,9.47,7.06,4.96
VI727806,1.34,7.7,5.9
FJ898052,0.57,7.9,3.29
58857436E,2.97,5.75,10.0
72706639M,3.99,5.73,9.66
KI058960,6.56,6.49,3.92
90977890X,8.5,8.17,7.87
UD734208,2.47,9.67,6.19
SA893237,9.34,7.53,0.44
76238876V,10.0,7.45,6.26
87774557W,10.0,7.27,7.49
73486401K,4.79,6.17,10.0
UW104489,10.0,5.82,8.49
EL619763,2.48,7.28,4.17
AT427075,4.92,7.91,8.36
88320622R,6.29,7.83,5.83
45114340R,10.0,8.65,1.04
80239401Z,0.0,8.1,3.28
44014050P,9.52,7.18,5.42
FW786556,4.34,7.25,3.86
58677907P,4.28,5.43,1.81
35618589F,0.0,6.22,10.0
77599961P,0.0,7.84,5.44
24258205J,10.0,5.97,1.08
98344318K,8.34,4.68,1.85
37280491K,0.0,8.33,1.4
UC825214,8.26,6.47,1.27
29957384E,6.38,7.33,0.0
39659729R,4.11,8.2,5.19
BB900907,4.39,5.97,10.0
47350731X,10.0,7.75,5.19
78321898K,6.25,7.5,9.39
11588972P,10.0,5.42,10.0
50622993Q,10.0,6.35,8.77
70445469B,10.0,5.75,4.25
74268874B,7.08,5.25,10.0
99372830L,6.61,6.91,5.04
19877419Z,5.42,6.07,3.65
96810972Q,10.0,7.7,10.0
94067677T,10.0,10.0,10.0
59258703P,5.71,6.75,5.65
18778182Q,7.56,7.24,4.15
50662010W,5.03,4.93,8.38
BR250969,6.75,5.51,3.12
72654319X,8.25,6.8,8.35
89928692A,8.93,7.72,0.0
DO635396,4.71,6.77,7.9
77991771J,9.7,6.11,6.8
79259116N,3.38,7.64,0.9
BM881512,0.0,8.26,0.44
JX446301,10.0,6.69,10.0
VF167985,4.15,7.35,3.9
43074238E,9.3,7.03,8.93
16327102T,9.67,4.93,0.0
54241135M,6.94,7.95,7.02
49904563Z,10.0,5.6,8.43
23493475X,1.38,7.82,10.0
93081118A,6.1,5.82,10.0
27802430F,7.68,6.33,5.63
83071723R,10.0,7.22,1.76
QF247144,9.18,6.77,8.18
71271692M,8.32,6.76,10.0
28162576L,5.84,6.18,10.0
SQ533029,8.66,7.87,3.62
35751747H,0.7,8.3,7.87
84828736K,4.31,6.71,10.0
QZ749066,6.42,5.03,6.95
67231604M,8.59,7.94,10.0
90645557G,5.86,7.01,4.63
83749838F,10.0,7.51,7.09
FH315934,9.87,6.22,3.36
24562329P,4.91,6.4,3.46
89090262S,7.76,8.18,2.85
01854295N,7.59,8.09,7.2
EC502808,6.55,7.31,8.21
11261337P,10.0,8.18,0.0
37369835X,4.48,6.89,4.49
13929289Y,5.49,8.53,5.75
05929599S,10.0,7.65,10.0
02176534K,9.91,7.96,0.0
WV874480,6.17,7.37,9.95
57374345V,0.85,6.23,5.0
EN049278,6.96,7.04,9.23
80611417M,10.0,5.68,10.0
31904268W,3.54,5.47,2.17
58863903A,1.78,6.29,2.48
IQ798497,10.0,9.26,0.0
47261699B,2.21,6.85,10.0
EA210949,3.52,7.31,2.45
64162547E,7.25,7.25,5.25
81362708R,10.0,6.74,2.99
VC356767,9.01,6.48,4.39
37693674D,0.0,7.39,5.02
34814065T,4.89,7.63,8.46
24976738A,4.82,6.26,3.53
44070609X,8.91,6.99,8.36
OI811966,10.0,7.99,4.3
JJ402583,8.86,6.78,6.75
15799342K,0.0,8.22,9.95
AC566131,7.69,8.2,6.71
24976738A,2.02,5.19,5.86
72644738C,2.77,6.23,8.49
20042707R,2.03,7.19,4.37
QE219172,2.66,6.37,0.7
75983671C,9.65,7.69,8.36
95731485B,10.0,7.84,5.53
59916816E,0.0,5.72,0.0
19604567B,10.0,7.92,8.12
32519106G,0.65,8.02,8.43
64635975H,1.25,6.88,7.0
GQ796592,10.0,6.81,6.0
13189775B,7.84,9.42,6.23
45480058L,2.4,6.7,3.84
55572817X,0.0,6.9,8.15
HD600621,5.33,8.1,5.49
23966545Q,0.0,6.11,6.41
52417336Z,7.39,7.62,8.16
VN127552,10.0,8.29,8.17
CA254059,0.0,7.25,3.31
34172978S,9.51,7.46,2.71
36867511Y,10.0,5.83,8.82
19201571K,2.65,7.24,0.0
58113994D,6.12,7.27,1.05
35959215A,7.81,6.35,9.55
86854018S,10.0,8.68,10.0
08622438Z,10.0,7.75,0.0
JW202597,4.66,6.57,3.92
59296945R,10.0,8.1,8.78
45541968J,0.97,8.36,2.64
LM560509,6.53,7.73,0.41
BF598059,10.0,7.13,0.0
78642535S,1.87,7.56,9.28
KA811629,2.36,7.03,3.96
CH224533,0.0,8.46,8.07
UD600841,10.0,7.78,2.55
60296541V,4.95,6.55,4.26
19834523J,8.14,8.25,5.32
EH307313,10.0,6.62,9.13
85363374R,10.0,6.75,8.67
56446745F,3.85,6.8,1.73
PC369751,10.0,7.25,0.95
PR293721,0.0,5.71,6.34
23814948N,10.0,8.9,3.07
LZ729898,0.0,7.21,0.01
98665804J,10.0,6.78,6.76
VG071008,7.89,6.41,4.23
VR783932,10.0,6.1,10.0
40993795K,10.0,8.09,4.8
03564790C,1.53,6.66,4.37
DW225388,0.0,5.24,5.43
EO176163,10.0,6.27,8.17
46398658E,10.0,5.5,0.13
HZ786721,8.36,8.4,4.05
OJ230913,0.0,7.6,5.0
MY913668,1.35,6.53,7.21
14676223S,3.73,5.85,6.7
QX131462,10.0,5.92,3.02
21197769A,1.07,6.28,10.0
EU654928,9.35,6.39,7.57
45909746K,1.22,8.08,10.0
PT712839,5.16,7.74,6.77
30559179E,10.0,7.85,4.22
42426114S,6.95,6.93,9.26
57929282X,1.54,7.71,9.42
11250443Q,5.89,7.96,0.5
61298550P,4.53,5.89,5.05
97609908R,10.0,8.85,5.85
08331853B,10.0,7.15,0.0
66410172H,10.0,7.64,10.0
88008207H,8.11,5.92,2.92
45447600Z,4.27,5.99,10.0
92413883K,10.0,9.05,8.24
VN127552,10.0,5.29,9.61
IY502602,10.0,6.4,4.67
TG790479,2.86,5.51,1.43
62347300G,7.22,6.26,2.73
NS865476,0.0,7.1,7.74
92259287P,10.0,7.42,1.89
37771973Q,6.1,6.37,6.19
85046784Y,9.46,7.72,1.01
64866544N,0.0,7.44,1.67
60329379B,1.93,6.8,6.47
OP860186,4.98,6.53,10.0
79357621P,10.0,6.47,7.97
43752180Q,9.96,8.28,9.0
24562329P,2.18,6.89,6.12
52453746S,7.33,5.6,7.86
91828787E,2.09,8.86,4.72
OY726518,6.13,7.49,7.25
29460303V,10.0,6.17,0.7
20625072Y,10.0,6.27,7.89
YW478278,1.93,8.09,0.95
83879876A,10.0,6.55,10.0
AQ419644,4.02,4.15,2.84
77950530B,7.86,7.51,0.0
24081633N,2.37,5.25,3.83
DC402477,10.0,6.95,6.08
96316495Q,4.74,6.73,10.0
92154381M,3.86,7.5,8.41
12713250T,6.26,5.7,2.58
ME547934,4.81,8.24,1.92
VL719247,5.81,7.89,8.69
AD558254,7.41,6.07,10.0
44793920V,10.0,7.24,10.0
BX943882,0.91,7.92,10.0
70406761N,10.0,8.13,5.16
66733924E,0.96,5.85,10.0
AX931503,3.9,7.14,0.36
19604567B,0.0,5.59,2.86
25192640G,8.29,5.48,7.05
30945278C,0.0,6.0,1.79
TC647595,0.0,6.48,2.67
85356352V,10.0,8.01,6.23
59067826P,10.0,7.89,4.25
78554479A,7.25,5.32,2.95
98051702B,8.13,8.09,9.09
34001495C,10.0,5.69,4.04
JN060995,8.07,7.06,3.2
UE585232,5.42,7.98,6.81
19604567B,4.1,6.33,5.71
WY010021,1.91,5.62,4.39
RT665663,10.0,6.68,7.3
KK368242,8.18,6.54,0.93
93114705X,1.58,6.75,2.27
95568185B,7.05,4.81,3.0
HB439032,4.33,7.68,9.6
29974029S,5.93,6.36,7.95
95389271Z,10.0,7.57,7.53
66601379A,9.91,8.89,5.55
DD233967,10.0,7.94,10.0
YA897439,0.0,6.09,2.15
56153307A,6.25,6.11,10.0
05824574P,9.29,7.19,10.0
37330292G,6.6,7.41,8.48
53707145Y,2.87,6.47,0.0
03782553L,7.15,6.94,3.74
MF420102,4.13,6.26,3.66
05158535A,1.12,8.21,4.45
14935001C,10.0,6.07,0.0
LO983708,10.0,6.58,0.1
RC185720,3.95,7.28,10.0
AJ709877,6.48,7.86,4.39
52867771V,0.44,6.24,2.1
81368868C,10.0,6.29,6.81
MD550775,10.0,8.38,7.42
26284420C,8.26,6.98,9.07
68114375J,9.6,6.87,3.11
NQ285162,4.83,6.48,6.06
48005062Z,0.57,5.94,10.0
74569841T,1.48,6.08,10.0
KG754151,3.23,8.06,10.0
09361897T,0.06,6.1,6.18
KY926853,10.0,6.02,4.85
QN256146,5.31,7.8,7.06
RY238033,3.53,6.69,10.0
27609786B,8.66,6.13,0.72
87022933H,10.0,6.99,7.43
57610676T,8.47,7.59,4.2
29731574A,8.76,8.11,8.61
NN617000,4.32,7.71,6.71
74080677T,10.0,6.2,0.65
46376141E,4.43,7.4,5.93
29962805S,9.03,7.98,1.8
88438594Y,0.0,7.87,5.02
96009958T,9.74,8.36,0.0
44242137G,4.76,5.79,0.0
09600517H,10.0,8.58,7.03
JK978788,9.12,6.55,4.74
37330292G,10.0,7.48,7.42
34369799W,10.0,6.2,5.9
02930266C,2.87,7.25,9.61
EM346110,10.0,6.84,0.0
84706451G,8.96,6.35,0.0
51253189N,5.38,5.61,10.0
36615462Z,10.0,7.46,0.78
52207984P,5.76,7.72,3.21
97066349R,5.56,7.0,10.0
70285849B,1.99,6.44,4.19
MR208658,10.0,6.88,10.0
DD991773,10.0,7.11,6.03
94429141L,8.68,6.72,1.41
72849185C,4.76,6.99,9.64
78598920P,10.0,6.54,6.07
15623656D,0.4,6.5,7.53
18718526E,6.72,5.94,4.86
UM244594,10.0,6.06,9.39
CU085422,6.51,8.64,10.0
41809505J,8.25,7.14,0.0
ZA236355,3.58,7.48,4.38
88642497Z,6.19,7.37,1.46
77268955H,10.0,7.62,6.55
21023405W,0.0,6.63,2.84
85885176W,0.0,7.92,8.89
79753165K,10.0,5.69,6.1
14049513D,9.85,5.67,9.33
11309388N,0.0,5.89,10.0
33916536T,0.0,7.3,4.21
63133956Z,6.38,7.35,10.0
62570534T,7.32,7.22,2.98
55781781L,6.15,7.2,5.08
FR618773,1.4,7.61,0.91
AO017601,10.0,5.33,7.95
79286086A,3.29,7.0,10.0
YH546060,0.0,6.71,4.1
38826612J,10.0,8.53,10.0
43964711G,9.29,6.9,5.24
TU291548,0.0,5.71,8.19
15312494Z,10.0,6.55,4.4
72095551G,3.71,7.9,0.52
75586970T,3.15,6.69,4.8
97640257J,7.4,8.04,3.85
91406601R,10.0,4.54,2.5
35565404K,8.44,7.27,10.0
PC238293,10.0,6.6,6.81
10148587K,9.8,4.39,10.0
26081331K,9.38,6.78,0.0
19782764G,5.4,8.5,0.0
11270288N,7.33,6.7,5.1
MY913668,7.4,5.84,1.05
OP236834,10.0,7.01,6.7
67496758S,10.0,7.77,6.87
95680332X,7.15,6.6,3.73
OE530896,10.0,8.19,8.16
33155803S,5.58,7.37,10.0
81757869E,7.19,7.98,8.67
19770505G,10.0,5.84,3.13
66644773L,0.0,6.74,0.0
24574898L,8.86,7.77,8.34
72706639M,1.84,5.72,5.26
67270017P,10.0,6.71,3.85
13182131A,4.93,6.83,9.2
AQ911656,8.57,7.52,10.0
CW369724,1.36,7.79,5.57
20599943Q,4.78,7.77,4.8
97307355J,6.8,7.81,1.35
90977595Z,9.99,7.84,7.17
VR316677,10.0,7.79,10.0
21578703B,10.0,4.94,6.4
30465322M,0.0,7.25,2.47
14622388T,0.0,8.57,10.0
HU161099,10.0,6.75,10.0
00322029Y,10.0,6.76,10.0
68836270F,10.0,7.56,9.06
37133193S,1.41,7.08,8.28
HZ185617,4.31,6.02,2.35
90910322Q,6.48,6.78,0.0
06963843H,10.0,4.94,1.33
31688842V,0.0,5.76,10.0
60453657C,2.64,8.98,10.0
OV584544,10.0,6.33,10.0
95228140K,4.15,8.11,6.61
35547435S,10.0,7.25,10.0
17423203J,5.61,6.5,0.0
90472624P,3.06,5.61,0.31
WZ948238,9.94,9.06,0.0
95207848S,0.0,6.52,9.27
96506794J,10.0,8.0,10.0
49316422Y,4.13,8.79,5.28
48644784Z,1.63,5.78,2.89
73504103J,10.0,6.54,6.97
50662010W,1.53,8.45,10.0
HY582375,4.46,7.25,10.0
HX846205,10.0,7.19,2.0
VF495221,1.85,6.42,8.3
13737000C,0.51,7.49,0.96
00138501H,10.0,5.53,6.06
03165618J,10.0,8.65,5.87
32297939M,10.0,8.34,2.76
75616512X,0.0,6.63,4.28
FV292577,0.0,7.62,5.51
62154042S,4.24,6.28,3.87
68414934P,9.7,6.88,4.93
51614099Y,9.15,7.11,9.1
GE700088,10.0,7.48,9.18
11979593C,6.61,6.56,0.53
67577573P,6.22,7.15,3.45
99311328L,10.0,5.75,0.87
AO364827,0.0,6.72,3.91
79218557W,6.84,7.6,10.0
96810972Q,9.93,7.77,4.83
28603885G,10.0,7.07,8.21
13939216C,4.95,7.65,5.45
98664559X,10.0,7.2,1.28
66521496E,5.83,7.32,4.31
RZ938939,10.0,5.44,1.25
29508114B,3.19,7.25,6.74
09153552N,6.79,7.14,8.94
09038404W,10.0,5.11,2.25
16965552Q,7.43,8.32,10.0
31520201N,10.0,8.99,6.0
33440301A,6.06,6.27,6.13
29040180N,4.8,7.57,5.94
GW620238,7.99,5.99,5.52
26781990P,0.48,6.17,7.35
80611417M,1.93,7.92,8.12
GH672093,8.41,9.1,5.19
75592820P,2.05,7.44,10.0
JE657583,6.05,5.76,4.86
WV450224,10.0,6.53,7.91
83071723R,6.21,7.69,2.33
JE883752,10.0,7.82,1.27
13440591N,2.02,7.0,5.66
EK305783,5.76,6.38,8.99
08113760G,10.0,6.74,0.0
48313830F,6.78,5.47,10.0
QQ977253,10.0,5.65,3.99
UP646201,3.44,7.82,2.73
08065844C,8.74,6.82,4.2
01038636W,0.49,9.57,4.23
MG085340,10.0,7.18,3.21
CW562535,6.52,7.05,7.78
RE708548,7.0,4.72,7.18
MD839563,7.42,7.67,4.45
JT630755,2.52,7.92,6.5
34172978S,2.15,7.57,5.38
KI954554,0.0,7.3,2.5
84089374V,2.91,8.9,4.97
CM808730,1.93,6.98,0.82
25302332D,10.0,6.85,4.99
84790922L,2.85,8.08,0.55
46768246T,10.0,6.97,0.31
VX002276,2.03,7.65,3.69
XQ680437,8.08,7.24,5.45
TG289808,10.0,6.46,2.47
FX403693,9.51,6.49,5.37
60930836H,10.0,7.93,0.49
27544350X,10.0,5.87,10.0
67561619Q,2.27,8.46,10.0
AK511089,5.82,7.61,4.39
23814948N,9.82,6.7,9.74
FC044053,10.0,7.91,8.04
LK213309,10.0,8.42,9.73
11847914Q,8.69,6.27,9.69
FB088877,10.0,7.33,6.45
OZ984010,5.75,7.12,10.0
77911877K,5.19,7.87,1.81
65757138T,4.71,6.29,6.28
66681252C,7.9,5.71,7.32
UV429528,10.0,6.88,8.82
82735328G,1.92,8.46,5.9
HJ548920,1.12,7.37,3.94
PO368841,3.23,8.79,10.0
95164223K,6.16,8.02,10.0
IH662727,9.82,7.72,5.7
63354732J,6.82,7.06,2.7
BB165632,2.3,7.63,2.73
EX159584,10.0,7.21,0.0
11734615S,3.68,5.75,0.99
02174946C,8.55,5.56,10.0
98363861Z,8.37,4.48,6.01
69388008K,2.33,5.29,6.76
RM340696,10.0,7.33,1.4
98646844M,6.78,5.9,7.44
65832085J,0.0,7.07,8.73
36526693W,10.0,6.6,6.43
28721730C,10.0,5.0,8.63
19157184R,6.85,6.83,7.82
81693670Q,8.52,7.39,10.0
07992218V,7.67,6.65,8.21
91211482Z,3.63,6.2,10.0
06537652V,10.0,8.16,7.62
NE721227,10.0,8.43,10.0
UC649650,7.17,5.59,9.63
97369293N,10.0,6.65,10.0
71271692M,4.19,8.3,2.17
VI229362,7.54,5.95,5.45
39035314J,8.67,5.06,0.12
03825621P,9.29,6.39,7.36
30051497L,8.42,7.74,5.17
UB961175,8.47,7.99,0.21
OT571213,5.51,4.35,9.28
20582186S,3.54,7.0,6.94
81771397A,8.01,7.99,7.28
14531320N,2.64,8.82,6.34
95207848S,8.29,7.89,7.01
55705265R,5.64,7.19,7.5
EL022333,10.0,7.74,10.0
63354732J,3.81,5.18,4.66
17701939N,7.51,8.13,9.31
38530711F,3.7,6.2,0.0
90885360D,9.43,6.64,7.68
BJ548776,10.0,6.43,6.06
48264607G,10.0,6.69,0.65
19329126H,4.74,6.61,8.45
29627034K,4.88,8.02,3.77
YD846792,10.0,7.49,1.85
92091174W,5.28,3.94,9.48
24494781B,9.73,5.42,4.11
30462682X,9.58,6.79,5.75
08676308H,0.0,7.71,1.07
53365971Z,10.0,8.81,0.0
87352856Y,0.57,6.93,7.42
71823053X,7.41,6.08,1.99
RS252025,10.0,5.08,10.0
18737219Q,5.7,7.77,7.65
22304675B,10.0,7.62,6.24
KJ048726,7.42,6.65,5.11
KW388656,10.0,7.82,8.62
15465155R,10.0,6.91,0.18
39852648L,10.0,6.3,0.0
FM713333,10.0,6.85,10.0
13924033V,6.92,5.76,3.83
PJ164113,9.22,6.91,6.23
PV518995,8.83,6.34,8.12
88143157G,5.63,8.25,3.7
XG248323,3.46,5.19,4.09
82463396R,8.51,6.44,10.0
73886672T,10.0,7.28,3.35
01696722N,3.83,6.6,8.2
VH449782,2.79,7.3,0.0
CW521764,4.76,7.96,10.0
85298279L,0.0,7.36,9.81
00791750K,10.0,7.43,10.0
NH600068,0.0,7.96,4.52
46167840D,0.0,7.62,8.05
09992762K,0.0,7.89,7.32
73706845X,0.0,4.39,2.5
VW766353,6.48,7.45,10.0
NO194053,6.72,5.42,8.35
62555799P,7.34,7.82,1.66
82452994H,7.23,6.69,9.03
07365445V,1.8,6.03,3.57
MT489933,7.65,6.94,6.65
33765053H,6.42,6.83,7.06
16614610P,10.0,6.14,10.0
75545060L,2.3,6.96,5.18
29319935H,3.45,6.18,10.0
EH700933,3.67,6.33,3.79
22526628Z,2.71,8.12,0.73
LM524374,4.07,6.73,3.03
27545750F,5.81,7.64,1.44
15623656D,3.54,7.68,6.57
NE721227,9.43,4.81,8.39
19886811E,9.95,6.61,8.28
KC445531,1.48,7.25,10.0
AB638966,4.1,7.78,4.87
KO551504,4.92,6.57,6.91
78924671X,7.9,8.24,9.12
UH160347,7.96,9.15,9.32
LW117893,5.98,6.73,1.24
PV131292,5.79,8.02,6.41
48995175T,10.0,6.69,4.42
SC644606,10.0,9.11,8.18
99637722C,10.0,6.57,6.18
91123065D,10.0,7.04,1.64
90811035C,8.75,5.11,3.25
86221563Z,2.07,6.35,6.14
32399537N,3.0,6.18,3.8
05752847H,1.42,6.07,6.36
82199975E,9.14,6.2,10.0
TI636909,3.07,6.14,6.49
CH224533,10.0,5.93,7.54
GE700088,10.0,8.38,0.0
46066337M,8.09,7.03,0.0
27653985G,4.43,7.72,1.76
BN407003,10.0,8.35,6.94
55027206M,1.59,7.05,10.0
22249408J,7.14,5.19,3.12
68714729K,10.0,5.84,3.65
42975815Q,10.0,8.03,7.06
65126866C,3.32,7.1,1.2
43820724C,6.04,5.72,2.36
71171647X,6.53,7.24,8.8
ZB649597,5.33,8.53,10.0
71171647X,6.07,9.3,5.2
OQ331028,6.11,7.18,0.3
43243236Q,4.09,5.82,6.83
47089119T,8.48,6.47,7.09
52161911G,1.03,6.89,0.0
50821200D,4.15,5.77,5.42
67608237J,6.2,8.25,8.75
22458205Q,4.57,8.46,10.0
21457968A,3.12,6.37,4.95
MJ222484,6.67,6.69,9.47
00140080X,3.55,7.84,3.16
AH810076,1.31,8.99,6.0
28180464J,5.93,6.72,8.0
46544416Y,10.0,8.78,1.76
07105629D,3.87,5.92,1.3
PV665332,8.54,6.13,1.31
58130490Z,9.04,6.47,2.16
KY977514,1.45,6.57,8.92
DR343955,9.33,7.44,3.71
13244296E,1.9,7.45,6.24
61175136N,4.82,7.37,0.0
12353409V,10.0,8.25,10.0
81655872F,9.72,8.03,10.0
29962805S,1.03,6.29,10.0
VC549333,0.0,6.07,4.56
98516725C,10.0,7.41,6.92
48234046X,7.41,8.36,6.34
PI256284,0.7,7.96,4.53
SI319852,5.03,5.77,0.06
VK222805,5.25,5.74,7.36
36190487X,6.77,6.95,5.9
62888267B,2.71,7.6,1.6
92154381M,6.73,7.83,0.35
20144320T,10.0,8.3,6.86
UR503488,3.74,6.07,7.4
24319428X,0.83,7.14,7.31
MD454406,10.0,6.74,5.05
24584510V,6.85,5.89,8.17
ML585153,0.0,6.05,7.23
48245375T,8.13,5.43,0.0
36700066R,10.0,6.87,2.7
32414769H,10.0,6.06,7.31
47898539G,0.01,8.58,7.08
82441734M,10.0,8.31,0.85
49316422Y,6.74,7.61,9.44
52721909K,8.49,8.94,8.38
BX157599,2.79,8.39,7.79
07451658A,10.0,6.91,10.0
86713695S,7.99,8.31,4.36
91249194Y,10.0,6.8,7.71
21210390C,5.62,7.18,6.24
62873917J,8.65,5.92,1.37
22012073S,8.5,6.98,10.0
36700066R,5.39,6.14,6.32
40893016M,9.28,6.4,0.0
03580535X,8.65,7.56,6.59
67231604M,6.45,6.67,9.76
98857277B,8.57,6.63,7.11
GT131181,2.55,5.81,6.46
71688283C,10.0,7.42,10.0
87056702T,10.0,6.43,6.65
42398094D,3.96,7.52,4.23
07492026Y,7.29,7.42,6.43
CR048449,6.66,8.18,2.76
HC291206,6.42,8.44,6.34
IP741595,0.0,7.99,6.16
FW700103,10.0,8.49,5.44
44123189N,10.0,6.57,5.13
05396315D,9.81,8.54,3.99
50153764X,2.94,5.07,3.2
HD600621,1.88,6.98,2.41
48245375T,4.59,5.67,10.0
63354732J,0.0,7.72,10.0
79379303R,1.08,7.43,9.4
98300069R,10.0,5.42,1.22
19544726Q,10.0,5.81,6.75
38591617D,4.03,6.17,3.04
76238876V,0.0,5.31,9.58
IM372645,10.0,7.28,3.15
11043990B,2.07,7.68,10.0
34875774T,8.44,6.76,10.0
17062462G,6.88,7.16,2.44
54641084F,10.0,6.54,0.0
55022201Z,0.0,6.4,4.27
22312023E,10.0,4.83,5.54
59996018N,10.0,6.61,10.0
64811118Q,1.75,6.42,7.96
30175199G,9.63,6.22,10.0
50234349A,10.0,7.66,7.75
21511278E,0.0,6.18,10.0
69388008K,4.11,8.06,10.0
62533277A,10.0,6.07,9.07
84979016L,0.0,8.74,10.0
95568185B,1.3,9.89,6.78
98028774Z,9.02,8.14,0.0
85155369P,2.5,5.95,1.18
NH232301,5.48,8.38,4.13
XB708706,1.1,5.32,10.0
91145736W,10.0,7.22,6.79
KC892097,3.7,7.1,9.16
49960841B,10.0,7.45,4.01
68494652P,8.94,7.26,6.14
GE332181,7.25,5.99,0.0
67312239W,0.0,6.68,4.76
53015552T,10.0,6.31,9.01
15237635C,10.0,5.43,6.62
80706467L,9.45,8.14,8.42
16926920R,6.96,7.59,8.08
92039302H,4.33,4.9,10.0
JZ278599,8.46,7.54,0.0
07313801P,5.86,7.49,1.38
VI189347,6.5,7.08,3.61
KY926853,9.72,6.73,3.92
87382306Q,10.0,6.8,4.89
YX976115,10.0,6.21,1.12
40690952L,6.55,7.22,0.8
62894055A,5.74,8.03,9.89
VE983326,2.69,6.14,8.01
DW225388,10.0,4.28,0.0
22476317G,10.0,7.27,4.72
TG790479,5.4,7.36,5.49
44793920V,6.61,6.25,7.71
HS660732,10.0,7.47,4.88
04999278K,2.03,7.57,4.37
51253189N,2.6,7.88,10.0
KP988443,10.0,7.08,10.0
94241770Y,1.81,6.74,3.91
90645557G,9.55,5.76,7.85
WZ948238,7.86,8.12,8.12
35392012A,10.0,7.67,8.87
79603827E,2.03,8.0,10.0
73927142J,10.0,5.6,3.95
01183619Q,1.67,6.47,6.34
02930266C,3.12,5.58,0.0
09992762K,5.07,6.33,3.69
GS713226,7.21,8.16,5.78
75453091G,0.0,7.15,6.23
54283844A,0.0,7.48,4.91
OQ331028,7.81,8.71,1.52
11291214P,6.75,8.95,6.33
CU406448,10.0,6.95,3.42
69210844A,1.12,7.26,9.75
20144320T,0.0,8.1,0.0
YJ377856,2.21,6.16,3.9
76963926S,5.44,6.62,0.25
XX937594,10.0,7.96,5.58
HA554506,0.15,7.37,10.0
99326901K,7.51,5.58,7.03
54737601Q,1.38,7.62,8.83
JE350686,9.06,7.61,7.25
19604567B,10.0,8.12,7.74
46925481F,4.93,6.17,3.73
01636189S,10.0,7.53,4.91
05368022Y,7.89,8.31,10.0
44603356P,0.0,6.33,2.12
38865630T,3.35,6.9,4.85
97040781D,10.0,5.79,6.12
96645581H,5.25,5.29,1.59
51535260B,0.0,7.93,1.83
73583654F,10.0,7.06,5.33
QW075782,10.0,6.5,1.79
05148889V,7.42,7.09,6.44
QM472753,1.08,7.02,10.0
YM962072,0.0,6.41,10.0
73190814F,10.0,7.03,1.7
MT489933,7.82,6.42,0.0
DJ336346,0.0,6.9,0.99
21149985J,9.64,7.03,5.68
79223130K,10.0,8.26,4.47
PQ173270,4.78,7.85,4.99
29627034K,8.54,7.3,3.69
82496327L,3.31,7.87,4.67
97584912Y,7.22,4.91,8.95
25192640G,10.0,7.29,5.3
03936931K,10.0,6.56,0.94
29312637B,6.86,8.56,9.73
OD480713,8.66,6.55,6.72
25992203H,2.48,6.2,2.45
66153506D,8.48,6.29,9.32
84706451G,6.16,6.95,5.61
06390817Z,9.41,7.54,5.44
GF272944,0.19,6.96,5.48
98219991D,10.0,6.47,4.99
KS737158,7.61,8.17,10.0
NX456189,10.0,9.06,4.55
EC781863,8.65,7.0,6.0
CA254059,1.87,8.53,10.0
MK820432,9.66,7.41,5.78
35676899N,10.0,7.19,2.17
47818373Q,8.37,5.91,7.18
MI145729,5.12,7.0,5.43
69599941D,10.0,8.47,9.38
LO983708,10.0,7.06,0.2
75949222W,3.73,5.29,2.12
37234449W,10.0,6.51,2.55
82353953S,2.05,6.73,4.7
RC185720,9.41,7.17,3.31
86221563Z,6.15,7.1,9.13
94944368T,0.4,7.73,0.0
OW844339,10.0,5.48,0.0
24469571D,10.0,6.8,4.08
76522592M,10.0,7.94,7.29
KY926853,4.85,5.98,1.54
KS885793,10.0,4.95,9.33
78188407E,4.42,7.43,2.99
74745155P,0.0,7.93,8.28
AD337122,10.0,6.95,4.37
RD161273,2.59,5.96,0.0
10007702B,2.63,6.3,3.14
FU376974,0.59,8.51,6.63
81368868C,2.64,8.2,2.2
35019638E,6.74,8.42,3.16
UI768704,10.0,8.65,4.66
EG295647,10.0,6.46,6.3
57610676T,1.36,9.21,0.0
58988583T,2.94,8.14,6.67
15427457T,4.6,5.91,6.64
09274382T,4.56,7.23,6.32
36253943D,8.19,6.52,0.69
BC827544,2.29,8.65,5.89
79223130K,10.0,7.78,0.0
17770119C,10.0,5.6,9.49
VF598393,10.0,5.67,1.02
UY877412,9.5,8.11,3.7
LI284130,4.62,6.78,7.25
TW525181,9.94,8.27,0.68
19544726Q,0.37,6.58,6.64
87352856Y,10.0,7.76,8.85
35665954S,9.36,6.4,0.47
86760200Z,6.08,7.42,0.53
YU576102,3.05,6.82,0.0
44338785Y,0.0,6.38,4.91
FP355377,10.0,8.35,0.0
11291214P,10.0,7.6,10.0
77664427M,10.0,10.0,0.92
VY172138,10.0,6.35,8.66
JV841459,10.0,7.3,8.06
70498630L,3.61,7.29,0.38
54980564F,5.71,5.75,9.23
HM016381,1.37,5.29,3.58
18465847K,4.41,6.08,5.88
29423197X,2.25,6.86,10.0
DI593599,10.0,7.05,7.88
09707540E,9.23,8.82,7.83
52388327P,8.65,7.52,2.83
46955550S,2.45,8.57,9.77
29554053L,10.0,6.51,8.3
53850576D,10.0,7.42,8.55
11307205Z,8.8,7.68,0.0
HD030509,4.71,5.49,5.1
JR137209,10.0,6.83,8.45
54329284H,10.0,7.78,0.09
04965215K,2.66,7.01,10.0
77789520R,9.36,7.33,8.02
AN676065,6.86,7.9,7.12
46612785L,4.24,5.84,3.45
72364547S,2.26,4.89,7.48
36178738Z,5.67,7.79,10.0
16252983X,4.11,7.75,0.0
99487853L,8.26,7.15,6.88
SO799666,4.41,7.21,0.72
31139908R,1.93,8.38,1.91
71576256A,10.0,5.54,8.6
CK961774,7.71,8.45,7.0
80303495F,10.0,7.2,6.96
18597085K,0.0,6.54,10.0
85867164E,10.0,7.64,3.8
09838084H,5.46,6.64,0.0
LY597290,0.81,5.5,2.11
58358592W,4.27,8.06,10.0
QK339036,10.0,6.58,9.92
32920537Q,10.0,7.38,10.0
PO119571,8.63,7.54,7.42
86495595R,10.0,6.78,5.81
60930836H,5.3,5.7,0.0
NW476029,7.76,6.28,7.24
EN815100,9.83,6.86,7.93
JD117803,7.16,6.4,6.31
09956435B,9.51,7.57,10.0
57584846E,6.04,5.37,10.0
70692852Y,3.85,5.0,10.0
54925226F,8.8,8.49,2.34
58544044M,0.0,7.87,2.26
82750521V,10.0,7.84,0.0
30581286A,3.27,5.19,1.75
92153286Z,5.87,7.38,7.96
VS563886,10.0,7.02,10.0
90769090G,10.0,8.6,5.5
57194857K,0.89,5.28,5.25
58165965T,5.06,4.88,1.86
58857436E,9.31,6.54,9.52
GK524903,0.66,5.97,10.0
96181183J,6.1,6.27,3.26
73283923N,4.78,8.4,3.02
51077362C,0.74,5.78,4.52
HS100613,10.0,8.42,4.37
FL670901,2.13,8.32,4.54
69516345H,5.41,7.18,5.77
39920539Z,10.0,6.55,1.61
68177109A,1.94,5.7,5.61
LR256608,7.0,7.09,9.55
13526379X,10.0,5.92,7.67
76324662J,5.77,8.21,1.32
22469656J,10.0,7.79,0.39
38659197S,6.23,7.01,7.26
35017403H,9.58,6.02,6.48
64110934K,7.56,5.38,4.32
77368455C,2.24,5.71,5.45
04680416P,8.17,6.29,6.63
02052495K,4.6,7.37,10.0
36178738Z,3.88,6.61,4.84
79135628B,5.84,8.3,1.15
IK378095,3.76,5.66,6.85
UL924675,0.0,7.49,10.0
YY507804,0.75,6.81,6.1
22530615E,10.0,5.0,4.32
96994972Q,0.0,4.82,2.96
08753995B,10.0,10.0,3.68
22729576X,10.0,6.08,9.92
97949417F,2.33,6.4,10.0
51574630M,3.84,6.73,7.33
46955550S,10.0,8.14,0.61
95481422G,0.0,6.71,10.0
24464166D,1.29,7.38,1.47
28060219N,6.79,8.28,8.52
19742761K,3.17,7.09,10.0
46768246T,7.05,8.36,4.28
XB777356,4.11,5.26,2.54
70969157N,4.3,6.25,7.31
GE332181,8.29,7.95,5.12
65164135Y,10.0,5.24,2.47
72444501K,0.0,6.88,3.33
YN574484,10.0,8.39,7.28
23498620A,0.0,4.52,1.4
92399431J,3.85,8.39,3.56
TY173715,2.29,7.37,3.04
GJ002558,0.83,8.55,1.76
95534245L,2.4,8.56,2.82
KJ839084,8.49,8.52,5.95
08676308H,6.88,6.37,8.75
89849921F,5.37,7.7,10.0
87370984X,10.0,8.16,3.58
88244571B,10.0,7.13,8.94
95164223K,7.07,6.84,4.97
72932936M,10.0,6.7,4.6
42708247F,7.61,6.85,10.0
34597494C,3.95,6.28,10.0
NX353831,7.63,7.24,2.24
15037258L,4.4,7.06,5.34
88008207H,7.21,6.53,5.88
36595096A,3.28,7.84,6.64
60969207W,9.66,7.81,10.0
50810331L,2.89,4.95,9.24
30140199X,10.0,4.78,10.0
LM524374,8.62,8.12,7.03
84126698N,7.11,6.59,9.08
50622993Q,10.0,6.97,5.13
SC459119,8.8,7.76,2.65
PV518995,0.49,8.04,3.25
60478546T,10.0,7.27,8.37
75592820P,2.22,8.31,7.62
75496248J,10.0,7.61,10.0
